Notes_GF,Audio_File_Name,Number_Sentences,Number_LoLexConstrSentences,Number_MedLexConstrSentences,Number_HiLexConstrSentences,TargID_GM,targ,targ_Type,POS,Definition1,Definition1_Source,Definition2,Definition2_Source,Synonyms,Antonyms,Hypernyms,SisterConcepts,Synonym1,Syn1_FSG,Syn1_BSG,Syn1_MESA,Syn1_LSA,Syn1_EAT,Synonym2,Syn2_FSG,Syn2_BSG,Syn2_MESA,Syn2_LSA,Syn2_EAT,Synonym3,Syn3_FSG,Syn3_BSG,Syn3_MESA,Syn3_LSA,Syn3_EAT,MRC_NLET,MRC_NPHN,MRC_NSYL,MRC_BFRQ,MRC_KFFRQ,MRC_TLFRQ,MRC_FAM,MRC_AOA,LWV_DOLVL,LWV_PCTCOR,MRC_CNC,MRC_IMG
chiefly in botany (modern usage),Word1_AJ_acerate,1,NULL,NULL,NULL,1,acerate,rare,AJ,narrow and long and pointed; as pine leaves,WordNet (via onelook.com),NA,NA,,,,,sharp,NA,NA,NA,NA,NA,pointy,NA,NA,NA,NA,NA,barbed,NA,NA,NA,NA,NA,NA,NA,NA,NA,NA,NA,NA,NA,NA,NA,NA,NA
chiefly in music (modern usage),Word2_AJ_aleatoric,1,NULL,NULL,NULL,2,aleatoric,rare,AJ,"characterized by chance or indeterminate elements (""aleatoric music"")",Merriam-Webster (11th ed.),NA,NA,,,,,chance,NA,NA,NA,NA,NA,unexpected,NA,NA,NA,NA,NA,adventitious,NA,NA,NA,NA,NA,NA,NA,NA,NA,NA,NA,NA,NA,NA,NA,NA,NA
NA,Word3_AJ_algid,1,NULL,NULL,NULL,3,algid,rare,AJ,cold,Merriam-Webster (11th ed.),NA,NA,,,,,cold,NA,NA,NA,NA,NA,chilly,NA,NA,NA,NA,NA,frigid,NA,NA,NA,NA,NA,NA,NA,NA,NA,NA,NA,NA,NA,NA,NA,NA,NA
NA,Word4_AJ_aphotic,1,NULL,NULL,NULL,4,aphotic,rare,AJ,"lacking light; especially not reached by sunlight (""The aphotic depths of the sea where no photosynthesis occurs"")",WordNet (via onelook.com),NA,NA,,,,,dark,NA,NA,NA,NA,NA,black,NA,NA,NA,NA,NA,tenebrous,NA,NA,NA,NA,NA,NA,NA,NA,NA,NA,NA,NA,NA,NA,NA,NA,NA
NA,Word5_VB_blench,1,NULL,NULL,NULL,5,blench,rare,VB,"to react in a way that shows you are very frightened, for example by turning pale",Macmillan (via onelook.com),NA,NA,,,,,react,NA,NA,NA,NA,NA,flinch,NA,NA,NA,NA,NA,NA,NA,NA,NA,NA,NA,NA,NA,NA,NA,NA,NA,NA,NA,NA,NA,NA,NA
NA,Word6_AJ_breme,1,NULL,NULL,NULL,6,breme,rare,AJ,Fierce; sharp; severe; cruel.,Webster's (via onelook),NA,NA,,,,,mean,NA,NA,NA,NA,NA,ornery,NA,NA,NA,NA,NA,cantankerous,NA,NA,NA,NA,NA,NA,NA,NA,NA,NA,NA,NA,NA,NA,NA,NA,NA
NA,Word7_VB_burke,1,NULL,NULL,NULL,7,burke,rare,VB,"get rid of, silence, or suppress (""Burke an issue"")",WordNet (via onelook.com),NA,NA,,,,,silence,NA,NA,NA,NA,NA,suppress,NA,NA,NA,NA,NA,quash,NA,NA,NA,NA,NA,NA,NA,NA,NA,NA,NA,NA,NA,NA,NA,NA,NA
NA,Word8_VB_chouse,1,NULL,NULL,NULL,8,chouse,rare,VB,defeat someone in an expectation through trickery or deceit,WordNet (via onelook.com),NA,NA,,,,,cheat,NA,NA,NA,NA,NA,swindle,NA,NA,NA,NA,NA,bilk,NA,NA,NA,NA,NA,NA,NA,NA,NA,NA,NA,NA,NA,NA,NA,NA,NA
NA,Word9_AJ_conticent,1,NULL,NULL,NULL,9,conticent,rare,AJ,Silent,Webster's (via onelook),NA,NA,,,,,quiet,NA,NA,NA,NA,NA,silent,NA,NA,NA,NA,NA,reticent,NA,NA,NA,NA,NA,NA,NA,NA,NA,NA,NA,NA,NA,NA,NA,NA,NA
NA,Word10_VB_augur,1,NULL,NULL,NULL,10,augur,Tier2_hard,VB,"to be a sign of what may happen in the future (""The look on her face did not augur well."")",Macmillan (via onelook.com),NA,NA,,,,,forecast,NA,NA,NA,NA,NA,predict,NA,NA,NA,NA,NA,portend,NA,NA,NA,NA,NA,NA,NA,NA,NA,NA,NA,NA,NA,NA,NA,NA,NA
NA,Word11_NN_clout,1,NULL,NULL,NULL,11,clout,Tier2_hard,NN,"the authority to make decisions, or the power to influence events (""It is a system in which individual voters have more clout."")",Macmillan (via onelook.com),NA,NA,,,,,power,NA,NA,NA,NA,NA,authority,NA,NA,NA,NA,NA,NA,NA,NA,NA,NA,NA,NA,NA,NA,NA,NA,NA,NA,NA,NA,NA,NA,NA
NA,Word12_VB_dehort,1,NULL,NULL,NULL,12,dehort,rare,VB,To urge to abstain or refrain; to dissuade.,Webster's (via onelook),NA,NA,,,,,discourage,NA,NA,NA,NA,NA,dissuade,NA,NA,NA,NA,NA,NA,NA,NA,NA,NA,NA,NA,NA,NA,NA,NA,NA,NA,NA,NA,NA,NA,NA
NA,Word13_AJ_draffish,1,NULL,NULL,NULL,13,draffish,rare,AJ,Worthless; draffy.,Webster's (via onelook),NA,NA,,,,,worthless,NA,NA,NA,NA,NA,useless,NA,NA,NA,NA,NA,otiose,NA,NA,NA,NA,NA,NA,NA,NA,NA,NA,NA,NA,NA,NA,NA,NA,NA
NA,Word14_NN_enation,1,NULL,NULL,NULL,14,enation,rare,NN,a natural projection or outgrowth from a plant body or organ,WordNet (via onelook.com),NA,NA,,,,,bump,NA,NA,NA,NA,NA,protrusion,NA,NA,NA,NA,NA,NA,NA,NA,NA,NA,NA,NA,NA,NA,NA,NA,NA,NA,NA,NA,NA,NA,NA
NA,Word15_NN_encraty,1,NULL,NULL,NULL,15,encraty,rare,NN,the control of one's desires and actions,Collins Dictionary,NA,NA,,,,,will,NA,NA,NA,NA,NA,discipline,NA,NA,NA,NA,NA,temperance,NA,NA,NA,NA,NA,NA,NA,NA,NA,NA,NA,NA,NA,NA,NA,NA,NA
NA,Word16_AJ_ennomic,1,NULL,NULL,NULL,16,ennomic,rare,AJ,lawful; legal,Phrontistry (http://phrontistery.info),NA,NA,,,,,lawful,NA,NA,NA,NA,NA,legal,NA,NA,NA,NA,NA,permissible,NA,NA,NA,NA,NA,NA,NA,NA,NA,NA,NA,NA,NA,NA,NA,NA,NA
NA,Word17_AJ_derisive,1,NULL,NULL,NULL,17,derisive,Tier2_hard,AJ,expressing extreme contempt,WordNet (via onelook.com),NA,NA,,,,,mean,NA,NA,NA,NA,NA,scornful,NA,NA,NA,NA,NA,contemptful,NA,NA,NA,NA,NA,NA,NA,NA,NA,NA,NA,NA,NA,NA,NA,NA,NA
NA,Word18_AJ_esculent,1,NULL,NULL,NULL,18,esculent,rare,AJ,"Suitable to be used by man for food; eatable; edible; as, esculent plants; esculent fish.",Webster's (via onelook),NA,NA,,,,,eatable,NA,NA,NA,NA,NA,edible,NA,NA,NA,NA,NA,comestible,NA,NA,NA,NA,NA,NA,NA,NA,NA,NA,NA,NA,NA,NA,NA,NA,NA
NA,Word19_AJ_featous,1,NULL,NULL,NULL,19,featous,rare,AJ,shapely; well-made; handsome; neat,Phrontistry (http://phrontistery.info),NA,NA,,,,,handsome,NA,NA,NA,NA,NA,attractive,NA,NA,NA,NA,NA,aesthetic,NA,NA,NA,NA,NA,NA,NA,NA,NA,NA,NA,NA,NA,NA,NA,NA,NA
NA,Word20_NN_frith,1,NULL,NULL,NULL,20,frith,rare,NN,peaceful place; A forest; a woody place.,Webster's (via onelook),NA,NA,,,,,peace,NA,NA,NA,NA,NA,tranquility,NA,NA,NA,NA,NA,serenity,NA,NA,NA,NA,NA,NA,NA,NA,NA,NA,NA,NA,NA,NA,NA,NA,NA
NA,Word21_VB_deviate,1,NULL,NULL,NULL,21,deviate,Tier2_hard,VB,"to start doing something different from what is expected or agreed (""Try not to deviate too much from the script."")",Macmillan (via onelook.com),NA,NA,,,,,depart,NA,NA,NA,NA,NA,digress,NA,NA,NA,NA,NA,NA,NA,NA,NA,NA,NA,NA,NA,NA,NA,NA,NA,NA,NA,NA,NA,NA,NA
NA,Word22_NN_gramercy,1,NULL,NULL,NULL,22,gramercy,rare,NN,"A word formerly used to express thankfulness, with surprise; many thanks.",Webster's (via onelook),NA,NA,,,,,thanks,NA,NA,NA,NA,NA,gratitude,NA,NA,NA,NA,NA,appreciation,NA,NA,NA,NA,NA,NA,NA,NA,NA,NA,NA,NA,NA,NA,NA,NA,NA
NA,Word23_AJ_impavid,1,NULL,NULL,NULL,23,impavid,rare,AJ,Fearless,Webster's (via onelook),NA,NA,,,,,brave,NA,NA,NA,NA,NA,courageous,NA,NA,NA,NA,NA,intrepid,NA,NA,NA,NA,NA,NA,NA,NA,NA,NA,NA,NA,NA,NA,NA,NA,NA
NA,Word24_AJ_incult,NA,NULL,NULL,NULL,24,incult,rare,AJ,Untilled; uncultivated; crude; rude; uncivilized.,Webster's (via onelook),NA,NA,,,,,rude,NA,NA,NA,NA,NA,vulgar,NA,NA,NA,NA,NA,uncouth,NA,NA,NA,NA,NA,NA,NA,NA,NA,NA,NA,NA,NA,NA,NA,NA,NA
NA,Word25_AJ_infandous,1,NULL,NULL,NULL,25,infandous,rare,AJ,Too odious to be expressed or mentioned.,Webster's (via onelook),NA,NA,,,,,bad,NA,NA,NA,NA,NA,terrible,NA,NA,NA,NA,NA,odious,NA,NA,NA,NA,NA,NA,NA,NA,NA,NA,NA,NA,NA,NA,NA,NA,NA
NA,Word26_AJ_avaricious,1,NULL,NULL,NULL,26,avaricious,Tier2_hard,AJ,"immoderately desirous of acquiring e.g. wealth (""They are avaricious and will do anything for money"")",WordNet (via onelook.com),NA,NA,,,,,greedy,NA,NA,NA,NA,NA,acquisitive,NA,NA,NA,NA,NA,rapacious,NA,NA,NA,NA,NA,NA,NA,NA,NA,NA,NA,NA,NA,NA,NA,NA,NA
NA,Word27_AJ_iracund,1,NULL,NULL,NULL,27,iracund,rare,AJ,irascible; choleric.,Webster's (via onelook),NA,NA,,,,,grouchy,NA,NA,NA,NA,NA,surly,NA,NA,NA,NA,NA,cantankerous,NA,NA,NA,NA,NA,NA,NA,NA,NA,NA,NA,NA,NA,NA,NA,NA,NA
NA,Word28_NN_jactancy,1,NULL,NULL,NULL,28,jactancy,rare,NN,A boasting; a bragging.,Webster's (via onelook),NA,NA,,,,,bragging,NA,NA,NA,NA,NA,boasting,NA,NA,NA,NA,NA,bravado,NA,NA,NA,NA,NA,NA,NA,NA,NA,NA,NA,NA,NA,NA,NA,NA,NA
NA,Word29_NN_kippage,1,NULL,NULL,NULL,29,kippage,rare,NN,a state of anger or excitement,Collins Dictionary,NA,NA,,,,,anger,NA,NA,NA,NA,NA,consternation,NA,NA,NA,NA,NA,vexation,NA,NA,NA,NA,NA,NA,NA,NA,NA,NA,NA,NA,NA,NA,NA,NA,NA
NA,Word30_AJ_latitant,1,NULL,NULL,NULL,30,latitant,rare,AJ,Lying hid; concealed; latent.,Webster's (via onelook),NA,NA,,,,,hidden,NA,NA,NA,NA,NA,concealed,NA,NA,NA,NA,NA,covered,NA,NA,NA,NA,NA,NA,NA,NA,NA,NA,NA,NA,NA,NA,NA,NA,NA
NA,Word31_NN_legerity,1,NULL,NULL,NULL,31,legerity,rare,NN,the gracefulness of a person or animal that is quick and nimble,WordNet (via onelook.com),NA,NA,,,,,flexibility,NA,NA,NA,NA,NA,agility,NA,NA,NA,NA,NA,gracefulness,NA,NA,NA,NA,NA,NA,NA,NA,NA,NA,NA,NA,NA,NA,NA,NA,NA
NA,Word32_VB_assimilate,1,NULL,NULL,NULL,32,assimilate,Tier2_hard,VB,"become similar to one's environment (""Immigrants often want to assimilate quickly"")",WordNet (via onelook.com),"make similar (""This country assimilates immigrants very quickly"")",WordNet (via onelook.com),,,,,adjust,NA,NA,NA,NA,NA,accommodate,NA,NA,NA,NA,NA,adapt,NA,NA,NA,NA,NA,NA,NA,NA,NA,NA,NA,NA,NA,NA,NA,NA,NA
NA,Word33_AJ_lepid,1,NULL,NULL,NULL,33,lepid,rare,AJ,Pleasant; jocose.,Webster's (via onelook),NA,NA,,,,,nice,NA,NA,NA,NA,NA,pleasant,NA,NA,NA,NA,NA,congenial,NA,NA,NA,NA,NA,NA,NA,NA,NA,NA,NA,NA,NA,NA,NA,NA,NA
NA,Word34_AJ_lissome,1,NULL,NULL,NULL,34,lissome,rare,AJ,thin and graceful,Macmillan (via onelook.com),NA,NA,,,,,flexible,NA,NA,NA,NA,NA,limber,NA,NA,NA,NA,NA,lithe,NA,NA,NA,NA,NA,NA,NA,NA,NA,NA,NA,NA,NA,NA,NA,NA,NA
NA,Word35_NN_lysis,1,NULL,NULL,NULL,35,lysis,rare,NN,dissolution or destruction of cells such as blood cells or bacteria,WordNet (via onelook.com),NA,NA,,,,,rotting,NA,NA,NA,NA,NA,decomposition,NA,NA,NA,NA,NA,disintegration,NA,NA,NA,NA,NA,NA,NA,NA,NA,NA,NA,NA,NA,NA,NA,NA,NA
NA,Word36_AJ_caustic,1,NULL,NULL,NULL,36,caustic,Tier2_hard,AJ,"harsh or corrosive in tone (""Caustic jokes about political assassination, talk-show hosts and medical ethics"")",WordNet (via onelook.com),NA,NA,,,,,harsh,NA,NA,NA,NA,NA,abrasive,NA,NA,NA,NA,NA,scathing,NA,NA,NA,NA,NA,NA,NA,NA,NA,NA,NA,NA,NA,NA,NA,NA,NA
NA,Word37_AJ_mephitic,1,NULL,NULL,NULL,37,mephitic,rare,AJ,of noxious stench from atmospheric pollution,WordNet (via onelook.com),NA,NA,,,,,stinky,NA,NA,NA,NA,NA,smelly,NA,NA,NA,NA,NA,putrid,NA,NA,NA,NA,NA,NA,NA,NA,NA,NA,NA,NA,NA,NA,NA,NA,NA
NA,Word38_AJ_brusque,1,NULL,NULL,NULL,38,brusque,Tier2_hard,AJ,"marked by rude or peremptory shortness (""Try to cultivate a less brusque manner"")",WordNet (via onelook.com),NA,NA,,,,,rude,NA,NA,NA,NA,NA,snippy,NA,NA,NA,NA,NA,peremptory,NA,NA,NA,NA,NA,NA,NA,NA,NA,NA,NA,NA,NA,NA,NA,NA,NA
NA,Word39_VB_mundify,1,NULL,NULL,NULL,39,mundify,rare,VB,To cleanse (trans.),Webster's (via onelook),NA,NA,,,,,clean,NA,NA,NA,NA,NA,cleanse,NA,NA,NA,NA,NA,purify,NA,NA,NA,NA,NA,NA,NA,NA,NA,NA,NA,NA,NA,NA,NA,NA,NA
NA,Word40_AJ_nocent,1,NULL,NULL,NULL,40,nocent,rare,AJ,having a tendency to cause harm,WordNet (via onelook.com),NA,NA,,,,,harmful,NA,NA,NA,NA,NA,noxious,NA,NA,NA,NA,NA,pernicious,NA,NA,NA,NA,NA,NA,NA,NA,NA,NA,NA,NA,NA,NA,NA,NA,NA
NA,Word41_AJ_operose,1,NULL,NULL,NULL,41,operose,rare,AJ,"Wrought with labor; requiring labor; hence, tedious; wearisome.",Webster's (via onelook),NA,NA,,,,,difficult,NA,NA,NA,NA,NA,laborious,NA,NA,NA,NA,NA,grueling,NA,NA,NA,NA,NA,NA,NA,NA,NA,NA,NA,NA,NA,NA,NA,NA,NA
NA,Word42_AJ_oragious,1,NULL,NULL,NULL,42,oragious,rare,AJ,Stormy,Webster's (via onelook),NA,NA,,,,,stormy,NA,NA,NA,NA,NA,turbulent,NA,NA,NA,NA,NA,tempestuous,NA,NA,NA,NA,NA,NA,NA,NA,NA,NA,NA,NA,NA,NA,NA,NA,NA
NA,Word43_AJ_orgulous,1,NULL,NULL,NULL,43,orgulous,rare,AJ,proud,Collins Dictionary,NA,NA,,,,,proud,NA,NA,NA,NA,NA,haughty,NA,NA,NA,NA,NA,supercilious,NA,NA,NA,NA,NA,NA,NA,NA,NA,NA,NA,NA,NA,NA,NA,NA,NA
NA,Word44_AJ_oundy,1,NULL,NULL,NULL,44,oundy,rare,AJ,Wavy; waving/ curly.,Webster's (via onelook),NA,NA,,,,,wavy,NA,NA,NA,NA,NA,curly,NA,NA,NA,NA,NA,NA,NA,NA,NA,NA,NA,NA,NA,NA,NA,NA,NA,NA,NA,NA,NA,NA,NA
NA,Word45_AJ_pollent,1,NULL,NULL,NULL,45,pollent,rare,AJ,strong,Collins Dictionary,NA,NA,,,,,strong,NA,NA,NA,NA,NA,potent,NA,NA,NA,NA,NA,robust,NA,NA,NA,NA,NA,NA,NA,NA,NA,NA,NA,NA,NA,NA,NA,NA,NA
NA,Word46_NN_plight,1,NULL,NULL,NULL,46,plight,Tier2_hard,NN,"a sad, serious, or difficult situation (""the plight of the poor/homeless/unemployed"")",Macmillan (via onelook.com),NA,NA,,,,,situation,NA,NA,NA,NA,NA,difficulty,NA,NA,NA,NA,NA,predicament,NA,NA,NA,NA,NA,NA,NA,NA,NA,NA,NA,NA,NA,NA,NA,NA,NA
NA,Word47_NN_perk,1,NULL,NULL,NULL,47,perk,Tier2_hard,NN,"a benefit or advantage that you get from a situation (""At 15 I looked forward to the perks of adult life."")",Macmillan (via onelook.com),NA,NA,,,,,reward,NA,NA,NA,NA,NA,gratuity,NA,NA,NA,NA,NA,perquisite,NA,NA,NA,NA,NA,NA,NA,NA,NA,NA,NA,NA,NA,NA,NA,NA,NA
NA,Word48_VB_purloin,1,NULL,NULL,NULL,48,purloin,Tier2_hard,VB,"to steal something secretly, especially to use it yourself for a short time",Macmillan (via onelook.com),NA,NA,,,,,steal,NA,NA,NA,NA,NA,take,NA,NA,NA,NA,NA,swipe,NA,NA,NA,NA,NA,NA,NA,NA,NA,NA,NA,NA,NA,NA,NA,NA,NA
NA,Word49_VB_repine,1,NULL,NULL,NULL,49,repine,rare,VB,express discontent,WordNet (via onelook.com),NA,NA,,,,,complain,NA,NA,NA,NA,NA,kvetch,NA,NA,NA,NA,NA,grouse,NA,NA,NA,NA,NA,NA,NA,NA,NA,NA,NA,NA,NA,NA,NA,NA,NA
NA,Word50_VB_roodge,1,NULL,NULL,NULL,50,roodge,rare,VB,to push or lift with effort,Phrontistry (http://phrontistery.info),NA,NA,,,,,move,NA,NA,NA,NA,NA,hoist,NA,NA,NA,NA,NA,heave,NA,NA,NA,NA,NA,NA,NA,NA,NA,NA,NA,NA,NA,NA,NA,NA,NA
NA,Word51_VB_languish,1,NULL,NULL,NULL,51,languish,Tier2_hard,VB,"to fail to be successful or to improve (""Oil prices continue to languish at $10.79 a barrel."")",Macmillan (via onelook.com),NA,NA,,,,,weaken,NA,NA,NA,NA,NA,wane,NA,NA,NA,NA,NA,deteriorate,NA,NA,NA,NA,NA,NA,NA,NA,NA,NA,NA,NA,NA,NA,NA,NA,NA
NA,Word52_NN_susurrus,1,NULL,NULL,NULL,52,susurrus,rare,NN,the indistinct sound of people whispering,WordNet (via onelook.com),NA,NA,,,,,whisper,NA,NA,NA,NA,NA,murmur,NA,NA,NA,NA,NA,NA,NA,NA,NA,NA,NA,NA,NA,NA,NA,NA,NA,NA,NA,NA,NA,NA,NA
NA,Word53_VB_swink,1,NULL,NULL,NULL,53,swink,rare,VB,toil; slave,Webster's (via onelook),NA,NA,,,,,work,NA,NA,NA,NA,NA,toil,NA,NA,NA,NA,NA,labor,NA,NA,NA,NA,NA,NA,NA,NA,NA,NA,NA,NA,NA,NA,NA,NA,NA
NA,Word54_VB_glower,1,NULL,NULL,NULL,54,glower,Tier2_hard,VB,to look angrily at someone,Macmillan (via onelook.com),NA,NA,,,,,frown,NA,NA,NA,NA,NA,scowl,NA,NA,NA,NA,NA,grimace,NA,NA,NA,NA,NA,NA,NA,NA,NA,NA,NA,NA,NA,NA,NA,NA,NA
NA,Word55_AJ_thrasonic,1,NULL,NULL,NULL,55,thrasonic,rare,AJ,"bragging; boastful (another word for ""thrasonical"")",Collins Dictionary,NA,NA,,,,,proud,NA,NA,NA,NA,NA,haughty,NA,NA,NA,NA,NA,arrogant,NA,NA,NA,NA,NA,NA,NA,NA,NA,NA,NA,NA,NA,NA,NA,NA,NA
NA,Word56_AJ_torvous,1,NULL,NULL,NULL,56,torvous,rare,AJ,Sour of aspect; of a severe countenance; stern; grim.,Webster's (via onelook),NA,NA,,,,,mean,NA,NA,NA,NA,NA,stern,NA,NA,NA,NA,NA,grim,NA,NA,NA,NA,NA,NA,NA,NA,NA,NA,NA,NA,NA,NA,NA,NA,NA
NA,Word57_AJ_dubious,1,NULL,NULL,NULL,57,dubious,Tier2_hard,AJ,"not completely good, safe, or honest (""I hear he has a dubious reputation in the business.""; ""The story seemed a bit dubious to me."")",Macmillan (via onelook.com),NA,NA,,,,,fishy,NA,NA,NA,NA,NA,doubtful,NA,NA,NA,NA,NA,dubitable,NA,NA,NA,NA,NA,NA,NA,NA,NA,NA,NA,NA,NA,NA,NA,NA,NA
NA,Word58_AJ_vagient,1,NULL,NULL,NULL,58,vagient,rare,AJ,Crying like a child.,Webster's (via onelook),NA,NA,,,,,crying,NA,NA,NA,NA,NA,wailing,NA,NA,NA,NA,NA,inconsolable,NA,NA,NA,NA,NA,NA,NA,NA,NA,NA,NA,NA,NA,NA,NA,NA,NA
NA,Word59_AJ_verecund,1,NULL,NULL,NULL,59,verecund,rare,AJ,Bashful; modest.,Webster's (via onelook),NA,NA,,,,,shy,NA,NA,NA,NA,NA,bashful,NA,NA,NA,NA,NA,timid,NA,NA,NA,NA,NA,NA,NA,NA,NA,NA,NA,NA,NA,NA,NA,NA,NA
NA,Word60_VB_adhere,1,NULL,NULL,NULL,60,adhere,Tier2_hard,VB,"fig. -- follow through or carry out a plan without deviation (""They adhered to their plan"")",WordNet (via onelook.com),"lit. -- stick to firmly (""Will this wallpaper adhere to the wall?"")",NA,,,,,stick,NA,NA,NA,NA,NA,conform,NA,NA,NA,NA,NA,NA,NA,NA,NA,NA,NA,NA,NA,NA,NA,NA,NA,NA,NA,NA,NA,NA,NA
current sentences do not use as word was originally used,Word61_NN_wanion,1,NULL,NULL,NULL,61,wanion,rare,NN,"plague, vengeance —used in the phrase with a wanion",Merriam-Webster (11th ed.),NA,NA,,,,,trouble,NA,NA,NA,NA,NA,misfortune,NA,NA,NA,NA,NA,adversity,NA,NA,NA,NA,NA,NA,NA,NA,NA,NA,NA,NA,NA,NA,NA,NA,NA
NA,Word65_VB_maffick,1,NULL,NULL,NULL,65,maffick,rare,VB,(intransitive) British archaic to celebrate extravagantly and publicly,Macmillan (via onelook.com),NA,NA,,,,,play,NA,NA,NA,NA,NA,frolic,NA,NA,NA,NA,NA,cavort,NA,NA,NA,NA,NA,NA,NA,NA,NA,NA,NA,NA,NA,NA,NA,NA,NA
NA,Word66_VB_labefy,1,NULL,NULL,NULL,66,labefy,rare,VB,To weaken or impair (trans),Webster's (via onelook),NA,NA,,,,,weaken,NA,NA,NA,NA,NA,erode,NA,NA,NA,NA,NA,deteriorate,NA,NA,NA,NA,NA,NA,NA,NA,NA,NA,NA,NA,NA,NA,NA,NA,NA
NA,Word67_NN_cunctation,1,NULL,NULL,NULL,67,cunctation,rare,NN,procrastinating; putting off or delaying or deferring an action to a later time,WordNet (via onelook.com),NA,NA,,,,,delay,NA,NA,NA,NA,NA,postponement,NA,NA,NA,NA,NA,procrastination,NA,NA,NA,NA,NA,NA,NA,NA,NA,NA,NA,NA,NA,NA,NA,NA,NA
NA,Word68_VB_traduce,1,NULL,NULL,NULL,68,traduce,rare,VB,speak unfavorably about,WordNet (via onelook.com),NA,NA,,,,,insult,NA,NA,NA,NA,NA,slander,NA,NA,NA,NA,NA,malign,NA,NA,NA,NA,NA,NA,NA,NA,NA,NA,NA,NA,NA,NA,NA,NA,NA
NA,Word69_NN_cacogen,1,NULL,NULL,NULL,69,cacogen,rare,NN,antisocial person,Phrontistry (http://phrontistery.info),NA,NA,,,,,loner,NA,NA,NA,NA,NA,hermit,NA,NA,NA,NA,NA,recluse,NA,NA,NA,NA,NA,NA,NA,NA,NA,NA,NA,NA,NA,NA,NA,NA,NA
NA,Word70_AJ_gallionic,1,NULL,NULL,NULL,70,gallionic,rare,AJ,uncaring; indifferent,Phrontistry (http://phrontistery.info),NA,NA,,,,,uncaring,NA,NA,NA,NA,NA,indifferent,NA,NA,NA,NA,NA,apathetic,NA,NA,NA,NA,NA,NA,NA,NA,NA,NA,NA,NA,NA,NA,NA,NA,NA
NA,Word71_VB_gloaming,1,NULL,NULL,NULL,71,gloaming,rare,VB,the time of the evening when it is becoming dark,Macmillan (via onelook.com),NA,NA,,,,,evening,NA,NA,NA,NA,NA,dusk,NA,NA,NA,NA,NA,twilight,NA,NA,NA,NA,NA,NA,NA,NA,NA,NA,NA,NA,NA,NA,NA,NA,NA
NA,Word72_NN_afflatus,NA,NULL,NULL,NULL,72,afflatus,rare,NN,"a strong creative impulse; divine inspiration (""Divine afflatus"")",WordNet (via onelook.com),NA,NA,,,,,idea,NA,NA,NA,NA,NA,insight,NA,NA,NA,NA,NA,epiphany,NA,NA,NA,NA,NA,NA,NA,NA,NA,NA,NA,NA,NA,NA,NA,NA,NA
NA,Word73_NN_viridity,1,NULL,NULL,NULL,73,viridity,rare,NN,fig. -- naive innocence,Merriam-Webster (11th ed.),lit. -- the quality or state of being green,Merriam-Webster (11th ed.),,,,,youth,NA,NA,NA,NA,NA,inexperience,NA,NA,NA,NA,NA,NA,NA,NA,NA,NA,NA,NA,NA,NA,NA,NA,NA,NA,NA,NA,NA,NA,NA
NA,Word74_NN_cecity,1,NULL,NULL,NULL,74,cecity,rare,NN,lack of sight,WordNet (via onelook.com),NA,NA,,,,,blindness,NA,NA,NA,NA,NA,myopia,NA,NA,NA,NA,NA,myopia,NA,NA,NA,NA,NA,NA,NA,NA,NA,NA,NA,NA,NA,NA,NA,NA,NA
NA,Word75_NN_conteck,1,NULL,NULL,NULL,75,conteck,rare,NN,strife,Phrontistry (http://phrontistery.info),NA,NA,,,,,fighting,NA,NA,NA,NA,NA,strife,NA,NA,NA,NA,NA,discord,NA,NA,NA,NA,NA,NA,NA,NA,NA,NA,NA,NA,NA,NA,NA,NA,NA
NA,Word76_AJ_dioristic,1,NULL,NULL,NULL,76,dioristic,rare,AJ,Distinguishing; distinctive; defining.,Webster's (via onelook),NA,NA,,,,,special,NA,NA,NA,NA,NA,distinctive,NA,NA,NA,NA,NA,defining,NA,NA,NA,NA,NA,NA,NA,NA,NA,NA,NA,NA,NA,NA,NA,NA,NA
NA,Word77_AJ_raffish,1,NULL,NULL,NULL,77,raffish,rare,AJ,"a raffish person behaves in a confident and sometimes slightly shocking way, but in a way that is also attractive",Macmillan (via onelook.com),NA,NA,,,,,hip,NA,NA,NA,NA,NA,cool,NA,NA,NA,NA,NA,bohemian,NA,NA,NA,NA,NA,NA,NA,NA,NA,NA,NA,NA,NA,NA,NA,NA,NA
NA,Word78_VB_equivocate,1,NULL,NULL,NULL,78,equivocate,Tier2_hard,VB,to avoid making a clear statement by saying something that has more than one possible meaning,Macmillan (via onelook.com),NA,NA,,,,,lie,NA,NA,NA,NA,NA,stonewall,NA,NA,NA,NA,NA,NA,NA,NA,NA,NA,NA,NA,NA,NA,NA,NA,NA,NA,NA,NA,NA,NA,NA
check usage (titivate = decorate vs. titivate = beautify),Word79_VB_titivate,1,NULL,NULL,NULL,79,titivate,rare,VB,to make someone or something look more attractive,Macmillan (via onelook.com),NA,NA,,,,,decorate,NA,NA,NA,NA,NA,adorn,NA,NA,NA,NA,NA,embellish,NA,NA,NA,NA,NA,NA,NA,NA,NA,NA,NA,NA,NA,NA,NA,NA,NA
NA,Word80_VB_cavort,1,NULL,NULL,NULL,80,cavort,Tier2_hard,VB,play boisterously,WordNet (via onelook.com),NA,NA,,,,,play,NA,NA,NA,NA,NA,frolic,NA,NA,NA,NA,NA,celebrate,NA,NA,NA,NA,NA,NA,NA,NA,NA,NA,NA,NA,NA,NA,NA,NA,NA
NA,Word81_VB_ephorize,1,NULL,NULL,NULL,81,ephorize,rare,VB,to rule; to have a controlling influence over,"McKean (""Totally Weird and Wonderful Words"")",NA,NA,,,,,control,NA,NA,NA,NA,NA,regulate,NA,NA,NA,NA,NA,dominate,NA,NA,NA,NA,NA,NA,NA,NA,NA,NA,NA,NA,NA,NA,NA,NA,NA
NA,Word82_VB_chivy,1,NULL,NULL,NULL,82,chivy,rare,VB,annoy continually or chronically,WordNet (via onelook.com),NA,NA,,,,,nag,NA,NA,NA,NA,NA,coerce,NA,NA,NA,NA,NA,goad,NA,NA,NA,NA,NA,NA,NA,NA,NA,NA,NA,NA,NA,NA,NA,NA,NA
NA,Word83_VB_defile,1,NULL,NULL,NULL,83,defile,Tier2_hard,VB,"to spoil something important, pure, or holy",Macmillan (via onelook.com),NA,NA,,,,,ruin,NA,NA,NA,NA,NA,spoil,NA,NA,NA,NA,NA,deface,NA,NA,NA,NA,NA,NA,NA,NA,NA,NA,NA,NA,NA,NA,NA,NA,NA
NA,Word85_VB_emicate,1,NULL,NULL,NULL,85,emicate,rare,VB,to sparkle,Phrontistry (http://phrontistery.info),NA,NA,,,,,sparkle,NA,NA,NA,NA,NA,glisten,NA,NA,NA,NA,NA,coruscate,NA,NA,NA,NA,NA,NA,NA,NA,NA,NA,NA,NA,NA,NA,NA,NA,NA
NA,Word86_VB_attest,1,NULL,NULL,NULL,86,attest,Tier2_hard,VB,"to state formally that you believe something is true, correct, or real",Macmillan (via onelook.com),NA,NA,,,,,state,NA,NA,NA,NA,NA,say,NA,NA,NA,NA,NA,NA,NA,NA,NA,NA,NA,NA,NA,NA,NA,NA,NA,NA,NA,NA,NA,NA,NA
NA,Word87_AJ_benign,1,NULL,NULL,NULL,87,benign,Tier2_hard,AJ,not dangerous to health; not recurrent or progressive (especially of a tumor),WordNet (via onelook.com),NA,NA,,,,,safe,NA,NA,NA,NA,NA,safe,NA,NA,NA,NA,NA,innocuous,NA,NA,NA,NA,NA,NA,NA,NA,NA,NA,NA,NA,NA,NA,NA,NA,NA
NA,Word88_VB_chasten,1,NULL,NULL,NULL,88,chasten,Tier2_hard,VB,"to make someone feel ashamed or less confident (""She seemed suitably chastened by the experience."")",Macmillan (via onelook.com),NA,NA,,,,,correct,NA,NA,NA,NA,NA,admonish,NA,NA,NA,NA,NA,NA,NA,NA,NA,NA,NA,NA,NA,NA,NA,NA,NA,NA,NA,NA,NA,NA,NA
NA,Word89_AJ_criant,1,NULL,NULL,NULL,89,criant,rare,AJ,garish; discordantly colored,Phrontistry (http://phrontistery.info),NA,NA,,,,,ugly,NA,NA,NA,NA,NA,garish,NA,NA,NA,NA,NA,gaudy,NA,NA,NA,NA,NA,NA,NA,NA,NA,NA,NA,NA,NA,NA,NA,NA,NA
NA,Word90_VB_debouch,1,NULL,NULL,NULL,90,debouch,rare,VB,"march out (as from a defile) into open ground (""The regiments debouched from the valley"");",Macmillan (via onelook.com),"pass out or emerge; especially of rivers (""The tributary debouched into the big river"")",Macmillan (via onelook.com),,,,,appear,NA,NA,NA,NA,NA,emerge,NA,NA,NA,NA,NA,emanate,NA,NA,NA,NA,NA,NA,NA,NA,NA,NA,NA,NA,NA,NA,NA,NA,NA
NA,Word91_NN_eminence,1,NULL,NULL,NULL,91,eminence,Tier2_hard,NN,"high status importance owing to marked superiority (""A scholar of great eminence"")",WordNet (via onelook.com),NA,NA,,,,,fame,NA,NA,NA,NA,NA,NA,NA,NA,NA,NA,NA,prestige,NA,NA,NA,NA,NA,NA,NA,NA,NA,NA,NA,NA,NA,NA,NA,NA,NA
NA,Word92_AJ_epinosic,1,NULL,NULL,NULL,92,epinosic,rare,AJ,unhealthy,Collins Dictionary,NA,NA,,,,,unhealthy,NA,NA,NA,NA,NA,noxious,NA,NA,NA,NA,NA,pernicious,NA,NA,NA,NA,NA,NA,NA,NA,NA,NA,NA,NA,NA,NA,NA,NA,NA
NA,Word93_NN_epiphany,1,NULL,NULL,NULL,93,epiphany,Tier2_hard,NN,a moment when you suddenly realize or understand something important,Macmillan (via onelook.com),NA,NA,,,,,idea,NA,NA,NA,NA,NA,insight,NA,NA,NA,NA,NA,revelation,NA,NA,NA,NA,NA,NA,NA,NA,NA,NA,NA,NA,NA,NA,NA,NA,NA
NA,Word94_VB_exacerbate,1,NULL,NULL,NULL,94,exacerbate,Tier2_hard,VB,to make a problem worse,Macmillan (via onelook.com),NA,NA,,,,,worsen,NA,NA,NA,NA,NA,inflame,NA,NA,NA,NA,NA,NA,NA,NA,NA,NA,NA,NA,NA,NA,NA,NA,NA,NA,NA,NA,NA,NA,NA
NA,Word95_AJ_frigid,1,NULL,NULL,NULL,95,frigid,Tier2_hard,AJ,"extremely cold (""A frigid day"")",WordNet (via onelook.com),NA,NA,,,,,cold,NA,NA,NA,NA,NA,chilly,NA,NA,NA,NA,NA,glacial,NA,NA,NA,NA,NA,NA,NA,NA,NA,NA,NA,NA,NA,NA,NA,NA,NA
NA,Word96_NN_fulgor,1,NULL,NULL,NULL,96,fulgor,rare,NN,Dazzling brightness; splendor.,Webster's (via onelook),NA,NA,,,,,shine,NA,NA,NA,NA,NA,luster,NA,NA,NA,NA,NA,sheen,NA,NA,NA,NA,NA,NA,NA,NA,NA,NA,NA,NA,NA,NA,NA,NA,NA
NA,Word97_VB_goad,1,NULL,NULL,NULL,97,goad,Tier2_hard,VB,"to deliberately make someone feel very angry or upset so that they react; goad someone into doing something (""She was finally goaded into losing her temper."")",Macmillan (via onelook.com),NA,NA,,,,,nag,NA,NA,NA,NA,NA,coerce,NA,NA,NA,NA,NA,NA,NA,NA,NA,NA,NA,NA,NA,NA,NA,NA,NA,NA,NA,NA,NA,NA,NA
NA,Word98_AJ_heinous,1,NULL,NULL,NULL,98,heinous,Tier2_hard,AJ,(a heinous act or crime is) extremely evil,Macmillan (via onelook.com),NA,NA,,,,,awful,NA,NA,NA,NA,NA,horrifying,NA,NA,NA,NA,NA,terrible,NA,NA,NA,NA,NA,NA,NA,NA,NA,NA,NA,NA,NA,NA,NA,NA,NA
NA,Word99_VB_inquinate,1,NULL,NULL,NULL,99,inquinate,rare,VB,To defile; to pollute; to contaminate; to befoul.,Webster's (via onelook),NA,NA,,,,,ruin,NA,NA,NA,NA,NA,spoil,NA,NA,NA,NA,NA,defile,NA,NA,NA,NA,NA,NA,NA,NA,NA,NA,NA,NA,NA,NA,NA,NA,NA
NA,Word100_AJ_invictive,1,NULL,NULL,NULL,100,invictive,rare,AJ,insurmountable; undefeatable,Phrontistry (http://phrontistery.info),NA,NA,,,,,impossible,NA,NA,NA,NA,NA,insurmountable,NA,NA,NA,NA,NA,insuperable,NA,NA,NA,NA,NA,NA,NA,NA,NA,NA,NA,NA,NA,NA,NA,NA,NA
NA,Word101_NN_incentive,1,NULL,NULL,NULL,101,incentive,Tier2_hard,NN,"something that makes you want to do something or to work harder, because you know that you will benefit by doing this",Macmillan (via onelook.com),NA,NA,,,,,gift,NA,NA,NA,NA,NA,inducement,NA,NA,NA,NA,NA,NA,NA,NA,NA,NA,NA,NA,NA,NA,NA,NA,NA,NA,NA,NA,NA,NA,NA
NA,Word102_NN_penchant,1,NULL,NULL,NULL,102,penchant,Tier2_hard,NN,"a feeling of liking something very much or a tendency to do something a lot (penchant for: ""He has a penchant for giving lavish parties."")",Macmillan (via onelook.com),NA,NA,,,,,taste,NA,NA,NA,NA,NA,preference,NA,NA,NA,NA,NA,predilection,NA,NA,NA,NA,NA,NA,NA,NA,NA,NA,NA,NA,NA,NA,NA,NA,NA
NA,Word103_VB_deteriorate,1,NULL,NULL,NULL,103,deteriorate,Tier2_hard,VB,"become worse or disintegrate (""His mind deteriorated"")",WordNet (via onelook.com),NA,NA,,,,,worsen,NA,NA,NA,NA,NA,degenerate,NA,NA,NA,NA,NA,erode,NA,NA,NA,NA,NA,NA,NA,NA,NA,NA,NA,NA,NA,NA,NA,NA,NA
NA,Word104_VB_decimate,1,NULL,NULL,NULL,104,decimate,Tier2_hard,VB,"to spoil or destroy something, for example by getting rid of a lot of people (""The department has been decimated by years of budget cuts."")",NA,NA,NA,,,,,destroy,NA,NA,NA,NA,NA,demolish,NA,NA,NA,NA,NA,NA,NA,NA,NA,NA,NA,NA,NA,NA,NA,NA,NA,NA,NA,NA,NA,NA,NA
NA,Word105_AJ_salubrious,1,NULL,NULL,NULL,105,salubrious,Tier2_hard,AJ,"favorable to health of mind or body (""Not the most salubrious campsite"")",WordNet (via onelook.com),"promoting health; healthful (""The salubrious mountain air and water- C.B.Davis"")",WordNet (via onelook.com),,,,,healthy,NA,NA,NA,NA,NA,wholesome,,,,,,NA,,NA,NA,NA,NA,NA,NA,NA,NA,NA,NA,NA,NA,NA,NA,NA,NA
NA,Word106_NN_auspices,1,NULL,NULL,NULL,106,auspices,Tier2_hard,NN,"kindly endorsement and guidance (""The tournament was held under the auspices of the city council"")",WordNet (via onelook.com),NA,NA,,,,,support,NA,NA,NA,NA,NA,patronage,NA,NA,NA,NA,NA,aegis,NA,NA,NA,NA,NA,NA,NA,NA,NA,NA,NA,NA,NA,NA,NA,NA,NA
NA,Word107_NN_dross,1,NULL,NULL,NULL,107,dross,rare,NN,worthless material that should be removed,WordNet (via onelook.com),NA,NA,,,,,garbage,NA,NA,NA,NA,NA,trash,NA,NA,NA,NA,NA,debris,NA,NA,NA,NA,NA,NA,NA,NA,NA,NA,NA,NA,NA,NA,NA,NA,NA
NA,Word108_VB_bilk,1,NULL,NULL,NULL,108,bilk,Tier2_hard,VB,"cheat somebody out of what is due, especially money",WordNet (via onelook.com),NA,NA,,,,,cheat,NA,NA,NA,NA,NA,swindle,NA,NA,NA,NA,NA,NA,NA,NA,NA,NA,NA,NA,NA,NA,NA,NA,NA,NA,NA,NA,NA,NA,NA
NA,Word109_NN_integrity,1,NULL,NULL,NULL,109,integrity,Tier2_hard,NN,moral soundness,WordNet (via onelook.com),NA,NA,,,,,honesty,NA,NA,NA,NA,NA,decency,NA,NA,NA,NA,NA,NA,NA,NA,NA,NA,NA,NA,NA,NA,NA,NA,NA,NA,NA,NA,NA,NA,NA
NA,Word110_AJ_garish,1,NULL,NULL,NULL,110,garish,Tier2_hard,AJ,very bright and colorful in an ugly way,Macmillan (via onelook.com),NA,NA,,,,,ugly,NA,NA,NA,NA,NA,gaudy,NA,NA,NA,NA,NA,hideous,NA,NA,NA,NA,NA,NA,NA,NA,NA,NA,NA,NA,NA,NA,NA,NA,NA
NA,Word111_VB_browbeat,1,NULL,NULL,NULL,111,browbeat,Tier2_hard,VB,discourage or frighten with threats or a domineering manner; intimidate,WordNet (via onelook.com),NA,NA,,,,,bully,NA,NA,NA,NA,NA,bully,NA,NA,NA,NA,NA,hector,NA,NA,NA,NA,NA,NA,NA,NA,NA,NA,NA,NA,NA,NA,NA,NA,NA
NA,Word112_VB_castigate,1,NULL,NULL,NULL,112,castigate,Tier2_hard,VB,"to criticize someone or something severely (""He was castigated as a racist by his opponents."")",Macmillan (via onelook.com),NA,NA,,,,,scold,NA,NA,NA,NA,NA,scold,NA,NA,NA,NA,NA,rebuke,NA,NA,NA,NA,NA,NA,NA,NA,NA,NA,NA,NA,NA,NA,NA,NA,NA
NA,Word114_VB_invalidate,1,NULL,NULL,NULL,114,invalidate,Tier2_hard,VB,"declare invalid; also ""to weaken or destroy the effect of (something)"" or ""to show or prove (something) to be false or incorrect""",WordNet (via onelook.com),NA,NA,,,,,cancel,NA,NA,NA,NA,NA,void,NA,NA,NA,NA,NA,vitiate,NA,NA,NA,NA,NA,NA,NA,NA,NA,NA,NA,NA,NA,NA,NA,NA,NA
NA,Word115_VB_confound,1,NULL,NULL,NULL,115,confound,Tier2_hard,VB,be confusing or perplexing to; cause to be unable to think clearly,WordNet (via onelook.com),NA,NA,,,,,confuse,NA,NA,NA,NA,NA,befuddle,NA,NA,NA,NA,NA,perplex,NA,NA,NA,NA,NA,NA,NA,NA,NA,NA,NA,NA,NA,NA,NA,NA,NA
NA,Word120_NN_serenity,1,NULL,NULL,NULL,120,serenity,Tier2_hard,NN,a feeling of being calm or peaceful,Macmillan (via onelook.com),NA,NA,,,,,peace,NA,NA,NA,NA,NA,tranquility,NA,NA,NA,NA,NA,NA,NA,NA,NA,NA,NA,NA,NA,NA,NA,NA,NA,NA,NA,NA,NA,NA,NA
NA,Word121_NN_sheen,1,NULL,NULL,NULL,121,sheen,Tier2_hard,NN,the visual property of something that shines with reflected light,WordNet (via onelook.com),NA,NA,,,,,gloss,NA,NA,NA,NA,NA,brilliance,NA,NA,NA,NA,NA,luster,NA,NA,NA,NA,NA,NA,NA,NA,NA,NA,NA,NA,NA,NA,NA,NA,NA
NA,Word123_AJ_intrepid,1,NULL,NULL,NULL,123,intrepid,Tier2_hard,AJ,"not afraid to do dangerous things (""an intrepid explorer"")",Macmillan (via onelook.com),NA,NA,,,,,brave,NA,NA,NA,NA,NA,courageous,NA,NA,NA,NA,NA,dauntless,NA,NA,NA,NA,NA,NA,NA,NA,NA,NA,NA,NA,NA,NA,NA,NA,NA
NA,Word124_AJ_uncouth,1,NULL,NULL,NULL,124,uncouth,Tier2_hard,AJ,"lacking refinement or cultivation or taste (""An untutored and uncouth human being"")",WordNet (via onelook.com),NA,NA,,,,,rude,NA,NA,NA,NA,NA,vulgar,NA,NA,NA,NA,NA,uncultivated,NA,NA,NA,NA,NA,NA,NA,NA,NA,NA,NA,NA,NA,NA,NA,NA,NA
NA,Word125_AJ_nefarious,1,NULL,NULL,NULL,125,nefarious,Tier2_hard,AJ,"evil, or dishonest",Macmillan (via onelook.com),NA,NA,,,,,evil,NA,NA,NA,NA,NA,fiendish,NA,NA,NA,NA,NA,NA,NA,NA,NA,NA,NA,NA,NA,NA,NA,NA,NA,NA,NA,NA,NA,NA,NA
NA,Word127_AJ_surly,1,NULL,NULL,NULL,127,surly,Tier2_hard,AJ,"inclined to anger or bad feelings with overtones of menace (""A surly waiter"")",WordNet (via onelook.com),NA,NA,,,,,grouchy,NA,NA,NA,NA,NA,irritable,NA,NA,NA,NA,NA,irascible,NA,NA,NA,NA,NA,NA,NA,NA,NA,NA,NA,NA,NA,NA,NA,NA,NA
NA,Word128_NN_insolence,1,NULL,NULL,NULL,128,insolence,Tier2_hard,NN,an offensive disrespectful impudent act;,NA,the trait of being rude and impertinent; inclined to take liberties,WordNet (via onelook.com),,,,,disrespect,NA,NA,NA,NA,NA,impertinence,NA,NA,NA,NA,NA,impertinence,NA,NA,NA,NA,NA,NA,NA,NA,NA,NA,NA,NA,NA,NA,NA,NA,NA
NA,Word129_NN_umbrage,1,NULL,NULL,NULL,129,umbrage,Tier2_hard,NN,a feeling of anger caused by being offended,WordNet (via onelook.com),NA,NA,,,,,anger,NA,NA,NA,NA,NA,offense,NA,NA,NA,NA,NA,NA,NA,NA,NA,NA,NA,NA,NA,NA,NA,NA,NA,NA,NA,NA,NA,NA,NA
NA,Word131_NN_agility,1,NULL,NULL,NULL,131,agility,Tier2_hard,NN,the gracefulness of a person or animal that is quick and nimble,WordNet (via onelook.com),NA,NA,,,,,skill,NA,NA,NA,NA,NA,dexterity,NA,NA,NA,NA,NA,dexterity,NA,NA,NA,NA,NA,NA,NA,NA,NA,NA,NA,NA,NA,NA,NA,NA,NA
NA,Word134_AJ_lithe,1,NULL,NULL,NULL,134,lithe,Tier2_hard,AJ,"moving and bending in a graceful way (""He was as lithe and strong as an athlete."")",Macmillan (via onelook.com),NA,NA,,,,,flexible,NA,NA,NA,NA,NA,limber,NA,NA,NA,NA,NA,NA,NA,NA,NA,NA,NA,NA,NA,NA,NA,NA,NA,NA,NA,NA,NA,NA,NA
NA,Word136_AJ_emaciated,1,NULL,NULL,NULL,136,emaciated,Tier2_hard,AJ,extremely thin because of serious illness or lack of food,Macmillan (via onelook.com),NA,NA,,,,,skinny,NA,NA,NA,NA,NA,thin,NA,NA,NA,NA,NA,gaunt,NA,NA,NA,NA,NA,NA,NA,NA,NA,NA,NA,NA,NA,NA,NA,NA,NA
NA,Word137_AJ_noisome,1,NULL,NULL,NULL,137,noisome,Tier2_hard,AJ,"extremely unpleasant, especially because of being very dirty or having a bad smell",Macmillan (via onelook.com),NA,NA,,,,,stinky,NA,NA,NA,NA,NA,smelly,NA,NA,NA,NA,NA,putrid,NA,NA,NA,NA,NA,NA,NA,NA,NA,NA,NA,NA,NA,NA,NA,NA,NA
NA,Word138_AJ_baleful,1,NULL,NULL,NULL,138,baleful,Tier2_hard,AJ,"threatening or foreshadowing evil or tragic developments (""A baleful look"")",WordNet (via onelook.com),"deadly or sinister (""The Florida eagles have a fierce baleful look"")",WordNet (via onelook.com),,,,,scary,NA,NA,NA,NA,NA,threatening,NA,NA,NA,NA,NA,NA,NA,NA,NA,NA,NA,NA,NA,NA,NA,NA,NA,NA,NA,NA,NA,NA,NA
NA,Word140_AJ_noxious,1,NULL,NULL,NULL,140,noxious,Tier2_hard,AJ,"harmful, or poisonous",Macmillan (via onelook.com),NA,NA,,,,,bad,NA,NA,NA,NA,NA,pernicious,NA,NA,NA,NA,NA,pernicious,NA,NA,NA,NA,NA,NA,NA,NA,NA,NA,NA,NA,NA,NA,NA,NA,NA
NA,Word145_AJ_robust,1,NULL,NULL,NULL,145,robust,Tier2_hard,AJ,strong and healthy,Merriam-Webster (11th ed.),successful or impressive and not likely to fail or weaken,NA,,,,,strong,NA,NA,NA,NA,NA,potent,NA,NA,NA,NA,NA,NA,NA,NA,NA,NA,NA,NA,NA,NA,NA,NA,NA,NA,NA,NA,NA,NA,NA
NA,Word147_NN_recreant,1,NULL,NULL,NULL,147,recreant,rare,NN,a disloyal person who betrays or deserts his cause or religion or political party or friend etc.,WordNet (via onelook.com),an abject coward,WordNet (via onelook.com),,,,,outlaw,NA,NA,NA,NA,NA,renegade,NA,NA,NA,NA,NA,NA,NA,NA,NA,NA,NA,NA,NA,NA,NA,NA,NA,NA,NA,NA,NA,NA,NA
NA,Word148_VB_pilfer,1,NULL,NULL,NULL,148,pilfer,rare,VB,"to steal things, especially from the place where you work",Macmillan (via onelook.com),NA,NA,,,,,steal,NA,NA,NA,NA,NA,take,NA,NA,NA,NA,NA,swipe,NA,NA,NA,NA,NA,NA,NA,NA,NA,NA,NA,NA,NA,NA,NA,NA,NA
NA,Word151_NN_din,1,NULL,NULL,NULL,151,din,Tier2_hard,NN,a very loud unpleasant noise that lasts for a long time,Macmillan (via onelook.com),NA,NA,,,,,noise,NA,NA,NA,NA,NA,clamor,NA,NA,NA,NA,NA,NA,NA,NA,NA,NA,NA,NA,NA,NA,NA,NA,NA,NA,NA,NA,NA,NA,NA
NA,Word156_AJ_captious,1,NULL,NULL,NULL,156,captious,Tier2_hard,AJ,"tending to find and call attention to faults (""A captious pedant"")",WordNet (via onelook.com),NA,NA,,,,,critical,NA,NA,NA,NA,NA,cantankerous,NA,NA,NA,NA,NA,NA,NA,NA,NA,NA,NA,NA,NA,NA,NA,NA,NA,NA,NA,NA,NA,NA,NA
NA,Word157_AJ_canny,1,NULL,NULL,NULL,157,canny,Tier2_hard,AJ,"good at judging situations, especially in business, and careful not to be tricked",Macmillan (via onelook.com),NA,NA,,,,,smart,NA,NA,NA,NA,NA,clever,NA,NA,NA,NA,NA,astute,NA,NA,NA,NA,NA,NA,NA,NA,NA,NA,NA,NA,NA,NA,NA,NA,NA
NA,Word159_VB_demure,1,NULL,NULL,NULL,159,demure,Tier2_hard,VB,quiet and polite,Merriam-Webster (11th ed.),NA,NA,,,,,shy,NA,NA,NA,NA,NA,bashful,NA,NA,NA,NA,NA,timid,NA,NA,NA,NA,NA,NA,NA,NA,NA,NA,NA,NA,NA,NA,NA,NA,NA
NA,Word166_VB_undermine,1,NULL,NULL,NULL,166,undermine,Tier2_hard,VB,"fig. -- to make something or someone become gradually less effective, confident, or successful (""Britain was accused of undermining international efforts to reduce pollution."")",Macmillan (via onelook.com),"lit. -- to dig under something, especially so that it becomes weaker",Macmillan (via onelook.com),,,,,hurt,NA,NA,NA,NA,NA,diminish,NA,NA,NA,NA,NA,weaken,NA,NA,NA,NA,NA,NA,NA,NA,NA,NA,NA,NA,NA,NA,NA,NA,NA
NA,Word168_VB_malign,1,NULL,NULL,NULL,168,malign,Tier2_hard,VB,"to say unpleasant things about someone or something, usually unfairly",Macmillan (via onelook.com),NA,NA,,,,,insult,NA,NA,NA,NA,NA,slander,NA,NA,NA,NA,NA,NA,NA,NA,NA,NA,NA,NA,NA,NA,NA,NA,NA,NA,NA,NA,NA,NA,NA
NA,Word169_NN_recluse,1,NULL,NULL,NULL,169,recluse,Tier2_hard,NN,someone who lives alone and avoids seeing other people,Macmillan (via onelook.com),NA,NA,,,,,loner,NA,NA,NA,NA,NA,hermit,NA,NA,NA,NA,NA,outcast,NA,NA,NA,NA,NA,NA,NA,NA,NA,NA,NA,NA,NA,NA,NA,NA,NA
NA,Word175_NN_discord,1,NULL,NULL,NULL,175,discord,Tier2_hard,NN,disagreement between people,Macmillan (via onelook.com),NA,NA,,,,,conflict,NA,NA,NA,NA,NA,strife,NA,NA,NA,NA,NA,fighting,NA,NA,NA,NA,NA,NA,NA,NA,NA,NA,NA,NA,NA,NA,NA,NA,NA
NA,Word177_AJ_rakish,1,NULL,NULL,NULL,177,rakish,Tier2_hard,AJ,"behaving and dressing in a way that is confident and slightly unusual, but attractive",Macmillan (via onelook.com),NA,NA,,,,,hip,NA,NA,NA,NA,NA,cool,NA,NA,NA,NA,NA,bohemian,NA,NA,NA,NA,NA,NA,NA,NA,NA,NA,NA,NA,NA,NA,NA,NA,NA
NA,Word184_VB_pontificate,1,NULL,NULL,NULL,184,pontificate,Tier2_hard,VB,"to give your opinions in a way that shows you think you are definitely right, especially when this annoys other people",Macmillan (via onelook.com),NA,NA,,,,,talk,NA,NA,NA,NA,NA,lecture,NA,NA,NA,NA,NA,NA,NA,NA,NA,NA,NA,NA,NA,NA,NA,NA,NA,NA,NA,NA,NA,NA,NA
NA,Word200_NN_dolor,1,NULL,NULL,NULL,200,dolor,Tier2_hard,NN,painful grief,WordNet (via onelook.com),NA,NA,,,,,sadness,NA,NA,NA,NA,NA,depression,NA,NA,NA,NA,NA,NA,NA,NA,NA,NA,NA,NA,NA,NA,NA,NA,NA,NA,NA,NA,NA,NA,NA
NA,Word208_NN_poise,1,NULL,NULL,NULL,208,poise,Tier2_hard,NN,"a controlled and relaxed way of behaving, even in difficult situations",Macmillan (via onelook.com),"a graceful calm way of moving, standing, or sitting",Macmillan (via onelook.com),,,,,grace,NA,NA,NA,NA,NA,composure,NA,NA,NA,NA,NA,composure,NA,NA,NA,NA,NA,NA,NA,NA,NA,NA,NA,NA,NA,NA,NA,NA,NA
NA,Word213_VB_disconcert,1,NULL,NULL,NULL,213,disconcert,Tier2_hard,VB,"to make someone feel worried, confused, or surprised (""Her sudden silence disconcerted me."")",Macmillan (via onelook.com),NA,NA,,,,,confuse,NA,NA,NA,NA,NA,perplex,NA,NA,NA,NA,NA,NA,NA,NA,NA,NA,NA,NA,NA,NA,NA,NA,NA,NA,NA,NA,NA,NA,NA
NA,Word214_VB_kerlerap,1,NULL,NULL,NULL,214,kerlerap,rare,VB,to cavort; to play,Luciferous Logolepsy,NA,NA,,,,,play,NA,NA,NA,NA,NA,frolic,NA,NA,NA,NA,NA,cavort,NA,NA,NA,NA,NA,NA,NA,NA,NA,NA,NA,NA,NA,NA,NA,NA,NA
NA,Word215_AJ_lenitive,1,NULL,NULL,NULL,215,lenitive,rare,AJ,moderating pain or sorrow by making it easier to bear,WordNet (via onelook.com),NA,NA,,,,,comforting,NA,NA,NA,NA,NA,mollifying,NA,NA,NA,NA,NA,anodyne,NA,NA,NA,NA,NA,NA,NA,NA,NA,NA,NA,NA,NA,NA,NA,NA,NA
NA,Word216_AJ_lucrative,1,NULL,NULL,NULL,216,lucrative,Tier2_hard,AJ,"bringing a lot of money (""a lucrative business/deal/contract"")",Macmillan (via onelook.com),NA,NA,,,,,rewarding,NA,NA,NA,NA,NA,profitable,NA,NA,NA,NA,NA,beneficial,NA,NA,NA,NA,NA,NA,NA,NA,NA,NA,NA,NA,NA,NA,NA,NA,NA
NA,Word217_AJ_macilent,1,NULL,NULL,NULL,217,macilent,rare,AJ,Lean; thin.,Macmillan (via onelook.com),NA,NA,,,,,skinny,NA,NA,NA,NA,NA,gaunt,NA,NA,NA,NA,NA,emaciated,NA,NA,NA,NA,NA,NA,NA,NA,NA,NA,NA,NA,NA,NA,NA,NA,NA
NA,Word218_AJ_minatory,1,NULL,NULL,NULL,218,minatory,rare,AJ,threatening or foreshadowing evil or tragic developments,WordNet (via onelook.com),NA,NA,,,,,scary,NA,NA,NA,NA,NA,threatening,NA,NA,NA,NA,NA,menacing,NA,NA,NA,NA,NA,NA,NA,NA,NA,NA,NA,NA,NA,NA,NA,NA,NA
NA,Word219_NN_nostalgia,1,NULL,NULL,NULL,219,nostalgia,Tier2_hard,NN,"thoughts about happy times in your past, often mixed with the wish to be back in the past",Macmillan (via onelook.com),NA,NA,,,,,emotion,NA,NA,NA,NA,NA,sentimentality,NA,NA,NA,NA,NA,remembrance,NA,NA,NA,NA,NA,NA,NA,NA,NA,NA,NA,NA,NA,NA,NA,NA,NA
NA,Word220_AJ_ornery,1,NULL,NULL,NULL,220,ornery,Tier2_hard,AJ,"quick to argue or become annoyed with people (""He’s all right, just a bit ornery in the morning."")",Macmillan (via onelook.com),NA,NA,,,,,mean,NA,NA,NA,NA,NA,irritable,NA,NA,NA,NA,NA,cantankerous,NA,NA,NA,NA,NA,NA,NA,NA,NA,NA,NA,NA,NA,NA,NA,NA,NA
NA,Word221_VB_palter,1,NULL,NULL,NULL,221,palter,Tier2_hard,VB,be deliberately ambiguous or unclear in order to mislead or withhold information,WordNet (via onelook.com),NA,NA,,,,,lie,NA,NA,NA,NA,NA,equivocate,NA,NA,NA,NA,NA,NA,NA,NA,NA,NA,NA,NA,NA,NA,NA,NA,NA,NA,NA,NA,NA,NA,NA
NA,Word222_AJ_perturbed,1,NULL,NULL,NULL,222,perturbed,Tier2_hard,AJ,"worried or upset by something (""William looked a little perturbed at the suggestion.""; ""No one seemed unduly perturbed about it."")",Macmillan (via onelook.com),NA,NA,,,,,upset,NA,NA,NA,NA,NA,flustered,NA,NA,NA,NA,NA,NA,NA,NA,NA,NA,NA,NA,NA,NA,NA,NA,NA,NA,NA,NA,NA,NA,NA
NA,Word223_AJ_priscan,1,NULL,NULL,NULL,223,priscan,rare,AJ,ancient; of early times,Phrontistry (http://phrontistery.info),NA,NA,,,,,old,NA,NA,NA,NA,NA,ancient,NA,NA,NA,NA,NA,archaic,NA,NA,NA,NA,NA,NA,NA,NA,NA,NA,NA,NA,NA,NA,NA,NA,NA
NA,Word224_NN_proditor,NA,NULL,NULL,NULL,224,proditor,rare,NN,a traitor,Webster's (via onelook),NA,NA,,,,,traitor,NA,NA,NA,NA,NA,turncoat,NA,NA,NA,NA,NA,quisling,NA,NA,NA,NA,NA,NA,NA,NA,NA,NA,NA,NA,NA,NA,NA,NA,NA
NA,Word225_NN_protrusion,1,NULL,NULL,NULL,225,protrusion,Tier2_hard,NN,"a part of something that is much farther forward than the rest of it (arm, flap, wing)",Macmillan (via onelook.com),NA,NA,,,,,bump,NA,NA,NA,NA,NA,extension,NA,NA,NA,NA,NA,protuberance,NA,NA,NA,NA,NA,NA,NA,NA,NA,NA,NA,NA,NA,NA,NA,NA,NA
NA,Word226_NN_resurgence,1,NULL,NULL,NULL,226,resurgence,Tier2_hard,NN,"the start of something again that quickly increases in influence, effect, etc. (resurgence of: a resurgence of repression/terrorism/nationalism; resurgence in: evidence of a resurgence in spending just before Christmas)",Macmillan (via onelook.com),NA,NA,,,,,return,NA,NA,NA,NA,NA,revival,NA,NA,NA,NA,NA,renewal,NA,NA,NA,NA,NA,NA,NA,NA,NA,NA,NA,NA,NA,NA,NA,NA,NA
NA,Word227_AJ_reticent,1,NULL,NULL,NULL,227,reticent,Tier2_hard,AJ,"not willing to provide information about something, especially about yourself or your feelings (""She remembered how reticent her father had been about his past."")",Macmillan (via onelook.com),NA,NA,,,,,quiet,NA,NA,NA,NA,NA,silent,NA,NA,NA,NA,NA,NA,NA,NA,NA,NA,NA,NA,NA,NA,NA,NA,NA,NA,NA,NA,NA,NA,NA
NA,Word228_VB_stifle,1,NULL,NULL,NULL,228,stifle,Tier2_hard,VB,conceal or hide,WordNet (via onelook.com),"smother or suppress (""Stifle your curiosity"")",WordNet (via onelook.com),,,,,silence,NA,NA,NA,NA,NA,suppress,NA,NA,NA,NA,NA,quash,NA,NA,NA,NA,NA,NA,NA,NA,NA,NA,NA,NA,NA,NA,NA,NA,NA
NA,Word229_NN_strepor,1,NULL,NULL,NULL,229,strepor,rare,NN,noise; clamor,Phrontistry (http://phrontistery.info),NA,NA,,,,,noise,NA,NA,NA,NA,NA,clamor,NA,NA,NA,NA,NA,din,NA,NA,NA,NA,NA,NA,NA,NA,NA,NA,NA,NA,NA,NA,NA,NA,NA
NA,Word230_AJ_supercilious,1,NULL,NULL,NULL,230,supercilious,Tier2_hard,AJ,"having or showing arrogant superiority to and disdain of those one views as unworthy (""His mother eyed my clothes with a supercilious air"")",WordNet (via onelook.com),"expressive of contempt (""Curled his lip in a supercilious smile"")",WordNet (via onelook.com),,,,,proud,NA,NA,NA,NA,NA,haughty,NA,NA,NA,NA,NA,arrogant,NA,NA,NA,NA,NA,NA,NA,NA,NA,NA,NA,NA,NA,NA,NA,NA,NA
NA,Word231_NN_temperance,1,NULL,NULL,NULL,231,temperance,Tier2_hard,NN,the trait of avoiding excesses,WordNet (via onelook.com),abstaining from excess,WordNet (via onelook.com),,,,,control,NA,NA,NA,NA,NA,discipline,NA,NA,NA,NA,NA,NA,NA,NA,NA,NA,NA,NA,NA,NA,NA,NA,NA,NA,NA,NA,NA,NA,NA
NA,Word232_AJ_tenable,1,NULL,NULL,NULL,232,tenable,Tier2_hard,AJ,based on sound reasoning or evidence,WordNet (via onelook.com),NA,NA,,,,,possible,NA,NA,NA,NA,NA,plausible,NA,NA,NA,NA,NA,NA,NA,NA,NA,NA,NA,NA,NA,NA,NA,NA,NA,NA,NA,NA,NA,NA,NA
NA,Word233_VB_travail,1,NULL,NULL,NULL,233,travail,Tier2_hard,VB,work hard,WordNet (via onelook.com),NA,NA,,,,,work,NA,NA,NA,NA,NA,toil,NA,NA,NA,NA,NA,labor,NA,NA,NA,NA,NA,NA,NA,NA,NA,NA,NA,NA,NA,NA,NA,NA,NA
NA,Word234_NN_turmoil,1,NULL,NULL,NULL,234,turmoil,Tier2_hard,NN,a violent disturbance,WordNet (via onelook.com),disturbance usually in protest,WordNet (via onelook.com),,,,,trouble,NA,NA,NA,NA,NA,discord,NA,NA,NA,NA,NA,strife,NA,NA,NA,NA,NA,NA,NA,NA,NA,NA,NA,NA,NA,NA,NA,NA,NA
NA,Word235_AJ_vafrous,1,NULL,NULL,NULL,235,vafrous,rare,AJ,"Crafty; cunning; sly; as, vafrous tricks.",Webster's (via onelook),NA,NA,,,,,smart,NA,NA,NA,NA,NA,canny,NA,NA,NA,NA,NA,astute,NA,NA,NA,NA,NA,NA,NA,NA,NA,NA,NA,NA,NA,NA,NA,NA,NA
NA,Word236_AJ_versute,1,NULL,NULL,NULL,236,versute,rare,AJ,Crafty; wily; cunning; artful.,Webster's (via onelook),NA,NA,,,,,smart,NA,NA,NA,NA,NA,canny,NA,NA,NA,NA,NA,cunning,NA,NA,NA,NA,NA,NA,NA,NA,NA,NA,NA,NA,NA,NA,NA,NA,NA
NA,Word237_VB_vie,1,NULL,NULL,NULL,237,vie,Tier2_hard,VB,compete for something; engage in a contest; measure oneself against others,WordNet (via onelook.com),NA,NA,,,,,try,NA,NA,NA,NA,NA,compete,NA,NA,NA,NA,NA,NA,NA,NA,NA,NA,NA,NA,NA,NA,NA,NA,NA,NA,NA,NA,NA,NA,NA
NA,Word238_NN_volition,1,NULL,NULL,NULL,238,volition,Tier2_hard,NN,"the act of making a choice (""Followed my father of my own volition"")",WordNet (via onelook.com),"the capability of conscious choice and decision and intention (""The exercise of their volition we construe as revolt- George Meredith"")",WordNet (via onelook.com),,,,,will,NA,NA,NA,NA,NA,autonomy,NA,NA,NA,NA,NA,autonomy,NA,NA,NA,NA,NA,NA,NA,NA,NA,NA,NA,NA,NA,NA,NA,NA,NA
NA,Word239_VB_wince,1,NULL,NULL,NULL,239,wince,Tier2_hard,VB,"draw back, as with fear or pain",WordNet (via onelook.com),a reflex response to sudden pain,WordNet (via onelook.com),,,,,withdraw,NA,NA,NA,NA,NA,flinch,NA,NA,NA,NA,NA,NA,NA,NA,NA,NA,NA,NA,NA,NA,NA,NA,NA,NA,NA,NA,NA,NA,NA
NA,Word240_AJ_defiant,NA,NULL,NULL,NULL,240,defiant,Tier2_hard,AJ,NA,NA,NA,NA,,,,,bad,NA,NA,NA,NA,NA,disobedient,NA,NA,NA,NA,NA,NA,NA,NA,NA,NA,NA,NA,NA,NA,NA,NA,NA,NA,NA,NA,NA,NA,NA
NA,Word241_NN_frenzy,NA,NULL,NULL,NULL,241,frenzy,Tier2_hard,NN,NA,NA,NA,NA,,,,,madness,NA,NA,NA,NA,NA,furor,NA,NA,NA,NA,NA,furor,NA,NA,NA,NA,NA,NA,NA,NA,NA,NA,NA,NA,NA,NA,NA,NA,NA
NA,Word242_VB_reek,NA,NULL,NULL,NULL,242,reek,Tier2_hard,VB,NA,NA,NA,NA,,,,,smell,NA,NA,NA,NA,NA,stink,NA,NA,NA,NA,NA,NA,NA,NA,NA,NA,NA,NA,NA,NA,NA,NA,NA,NA,NA,NA,NA,NA,NA
NA,Word244_NN_veneer,NA,NULL,NULL,NULL,244,veneer,Tier2_hard,NN,lit. -- a thin layer of wood or plastic that covers something made of an inexpensive material and improves its appearance,Macmillan (via onelook.com),"fig. -- a pleasant appearance, or a polite way of behaving that is not sincere (""the veneer of politeness between competitors"")",Macmillan (via onelook.com),,,,,outside,NA,NA,NA,NA,NA,surface,NA,NA,NA,NA,NA,facade,NA,NA,NA,NA,NA,NA,NA,NA,NA,NA,NA,NA,NA,NA,NA,NA,NA
NA,Word245_VB_adjourn,NA,NULL,NULL,NULL,245,adjourn,Tier2_hard,VB,NA,NA,NA,NA,,,,,end,NA,NA,NA,NA,NA,stop,NA,NA,NA,NA,NA,discontinue,NA,NA,NA,NA,NA,NA,NA,NA,NA,NA,NA,NA,NA,NA,NA,NA,NA
NA,Word246_NN_ailment,NA,NULL,NULL,NULL,246,ailment,Tier2_hard,NN,NA,NA,NA,NA,,,,,sickness,NA,NA,NA,NA,NA,illness,NA,NA,NA,NA,NA,NA,NA,NA,NA,NA,NA,NA,NA,NA,NA,NA,NA,NA,NA,NA,NA,NA,NA
NA,Word247_AJ_authentic,NA,NULL,NULL,NULL,247,authentic,Tier2_hard,AJ,NA,NA,NA,NA,,,,,real,NA,NA,NA,NA,NA,genuine,NA,NA,NA,NA,NA,NA,NA,NA,NA,NA,NA,NA,NA,NA,NA,NA,NA,NA,NA,NA,NA,NA,NA
NA,Word248_VB_banish,NA,NULL,NULL,NULL,248,banish,Tier2_hard,VB,NA,NA,NA,NA,,,,,remove,NA,NA,NA,NA,NA,evict,NA,NA,NA,NA,NA,oust,NA,NA,NA,NA,NA,NA,NA,NA,NA,NA,NA,NA,NA,NA,NA,NA,NA
NA,Word249_VB_bombard,NA,NULL,NULL,NULL,249,bombard,Tier2_hard,VB,NA,NA,NA,NA,,,,,attack,NA,NA,NA,NA,NA,overwhelm,NA,NA,NA,NA,NA,NA,NA,NA,NA,NA,NA,NA,NA,NA,NA,NA,NA,NA,NA,NA,NA,NA,NA
NA,Word250_AJ_brittle,NA,NULL,NULL,NULL,250,brittle,Tier2_hard,AJ,NA,NA,NA,NA,,,,,weak,NA,NA,NA,NA,NA,fragile,NA,NA,NA,NA,NA,NA,NA,NA,NA,NA,NA,NA,NA,NA,NA,NA,NA,NA,NA,NA,NA,NA,NA
NA,Word251_VB_cherish,NA,NULL,NULL,NULL,251,cherish,Tier2_hard,VB,NA,NA,NA,NA,,,,,love,NA,NA,NA,NA,NA,adore,NA,NA,NA,NA,NA,NA,NA,NA,NA,NA,NA,NA,NA,NA,NA,NA,NA,NA,NA,NA,NA,NA,NA
NA,Word252_VB_congregate,NA,NULL,NULL,NULL,252,congregate,Tier2_hard,VB,NA,NA,NA,NA,,,,,meet,NA,NA,NA,NA,NA,gather,NA,NA,NA,NA,NA,NA,NA,NA,NA,NA,NA,NA,NA,NA,NA,NA,NA,NA,NA,NA,NA,NA,NA
NA,Word253_VB_consent,NA,NULL,NULL,NULL,253,consent,Tier2_hard,VB,NA,NA,NA,NA,,,,,agree,NA,NA,NA,NA,NA,acquiesce,NA,NA,NA,NA,NA,acquiesce,NA,NA,NA,NA,NA,NA,NA,NA,NA,NA,NA,NA,NA,NA,NA,NA,NA
NA,Word254_NN_courtesy,NA,NULL,NULL,NULL,254,courtesy,Tier2_hard,NN,NA,NA,NA,NA,,,,,manners,NA,NA,NA,NA,NA,politeness,NA,NA,NA,NA,NA,NA,NA,NA,NA,NA,NA,NA,NA,NA,NA,NA,NA,NA,NA,NA,NA,NA,NA
NA,Word255_NN_dispute,NA,NULL,NULL,NULL,255,dispute,Tier2_hard,NN,NA,NA,NA,NA,,,,,fighting,NA,NA,NA,NA,NA,argument,NA,NA,NA,NA,NA,strife,NA,NA,NA,NA,NA,NA,NA,NA,NA,NA,NA,NA,NA,NA,NA,NA,NA
NA,Word256_VB_dread,NA,NULL,NULL,NULL,256,dread,Tier2_hard,VB,NA,NA,NA,NA,,,,,fear,NA,NA,NA,NA,NA,apprehend,NA,NA,NA,NA,NA,NA,NA,NA,NA,NA,NA,NA,NA,NA,NA,NA,NA,NA,NA,NA,NA,NA,NA
NA,Word257_VB_erect,NA,NULL,NULL,NULL,257,erect,Tier2_hard,VB,NA,NA,NA,NA,,,,,build,NA,NA,NA,NA,NA,establish,NA,NA,NA,NA,NA,NA,NA,NA,NA,NA,NA,NA,NA,NA,NA,NA,NA,NA,NA,NA,NA,NA,NA
NA,Word258_NN_expedition,NA,NULL,NULL,NULL,258,expedition,Tier2_hard,NN,NA,NA,NA,NA,,,,,trip,NA,NA,NA,NA,NA,excursion,NA,NA,NA,NA,NA,NA,NA,NA,NA,NA,NA,NA,NA,NA,NA,NA,NA,NA,NA,NA,NA,NA,NA
NA,Word259_AJ_finicky,NA,NULL,NULL,NULL,259,finicky,Tier2_hard,AJ,NA,NA,NA,NA,,,,,picky,NA,NA,NA,NA,NA,selective,NA,NA,NA,NA,NA,NA,NA,NA,NA,NA,NA,NA,NA,NA,NA,NA,NA,NA,NA,NA,NA,NA,NA
NA,Word260_VB_hesitate,NA,NULL,NULL,NULL,260,hesitate,Tier2_hard,VB,NA,NA,NA,NA,,,,,wait,NA,NA,NA,NA,NA,vacillate,NA,NA,NA,NA,NA,vacillate,NA,NA,NA,NA,NA,NA,NA,NA,NA,NA,NA,NA,NA,NA,NA,NA,NA
NA,Word261_VB_hinder,NA,NULL,NULL,NULL,261,hinder,Tier2_hard,VB,NA,NA,NA,NA,,,,,stop,NA,NA,NA,NA,NA,impede,NA,NA,NA,NA,NA,NA,NA,NA,NA,NA,NA,NA,NA,NA,NA,NA,NA,NA,NA,NA,NA,NA,NA
NA,Word262_VB_hoist,NA,NULL,NULL,NULL,262,hoist,Tier2_hard,VB,NA,NA,NA,NA,,,,,move,NA,NA,NA,NA,NA,heave,NA,NA,NA,NA,NA,NA,NA,NA,NA,NA,NA,NA,NA,NA,NA,NA,NA,NA,NA,NA,NA,NA,NA
NA,Word263_VB_inscribe,NA,NULL,NULL,NULL,263,inscribe,Tier2_hard,VB,NA,NA,NA,NA,,,,,write,NA,NA,NA,NA,NA,engrave,NA,NA,NA,NA,NA,NA,NA,NA,NA,NA,NA,NA,NA,NA,NA,NA,NA,NA,NA,NA,NA,NA,NA
NA,Word264_VB_linger,NA,NULL,NULL,NULL,264,linger,Tier2_hard,VB,"to stay somewhere longer than is necessary, or to spend longer doing something than is necessary, because it is enjoyable or helpful to you",Macmillan (via onelook.com),NA,NA,,,,,stay,NA,NA,NA,NA,NA,dawdle,NA,NA,NA,NA,NA,NA,NA,NA,NA,NA,NA,NA,NA,NA,NA,NA,NA,NA,NA,NA,NA,NA,NA
NA,Word265_NN_luster,NA,NULL,NULL,NULL,265,luster,Tier2_hard,NN,a shiny appearance,Macmillan (via onelook.com),NA,NA,,,,,shine,NA,NA,NA,NA,NA,sheen,NA,NA,NA,NA,NA,brilliance,NA,NA,NA,NA,NA,NA,NA,NA,NA,NA,NA,NA,NA,NA,NA,NA,NA
NA,Word266_NN_nuisance,NA,NULL,NULL,NULL,266,nuisance,Tier2_hard,NN,"something that is annoying and is a continuing problem (""The bugs in the software were a nuisance."")",Macmillan (via onelook.com),NA,NA,,,,,creep,NA,NA,NA,NA,NA,irritant,NA,NA,NA,NA,NA,NA,NA,NA,NA,NA,NA,NA,NA,NA,NA,NA,NA,NA,NA,NA,NA,NA,NA
NA,Word267_AJ_potent,NA,NULL,NULL,NULL,267,potent,Tier2_hard,AJ,NA,NA,NA,NA,,,,,strong,NA,NA,NA,NA,NA,effective,NA,NA,NA,NA,NA,robust,NA,NA,NA,NA,NA,NA,NA,NA,NA,NA,NA,NA,NA,NA,NA,NA,NA
NA,Word268_VB_regulate,NA,NULL,NULL,NULL,268,regulate,Tier2_hard,VB,shape or influence; give direction to,WordNet (via onelook.com),"bring into conformity with rules or principles or usage; impose regulations (""We cannot regulate the way people dress"")",WordNet (via onelook.com),,,,,control,NA,NA,NA,NA,NA,govern,NA,NA,NA,NA,NA,NA,NA,NA,NA,NA,NA,NA,NA,NA,NA,NA,NA,NA,NA,NA,NA,NA,NA
NA,Word269_VB_rouse,NA,NULL,NULL,NULL,269,rouse,Tier2_hard,VB,NA,NA,NA,NA,,,,,wake,NA,NA,NA,NA,NA,awaken,NA,NA,NA,NA,NA,arouse,NA,NA,NA,NA,NA,NA,NA,NA,NA,NA,NA,NA,NA,NA,NA,NA,NA
NA,Word270_VB_rummage,NA,NULL,NULL,NULL,270,rummage,Tier2_hard,VB,NA,NA,NA,NA,,,,,search,NA,NA,NA,NA,NA,seek,NA,NA,NA,NA,NA,NA,NA,NA,NA,NA,NA,NA,NA,NA,NA,NA,NA,NA,NA,NA,NA,NA,NA
NA,Word271_AJ_sopping,NA,NULL,NULL,NULL,271,sopping,Tier2_hard,AJ,NA,NA,NA,NA,,,,,wet,NA,NA,NA,NA,NA,dripping,NA,NA,NA,NA,NA,drenched,NA,NA,NA,NA,NA,NA,NA,NA,NA,NA,NA,NA,NA,NA,NA,NA,NA
NA,Word272_VB_topple,NA,NULL,NULL,NULL,272,topple,Tier2_hard,VB,NA,NA,NA,NA,,,,,fall,NA,NA,NA,NA,NA,push,NA,NA,NA,NA,NA,tumble,NA,NA,NA,NA,NA,NA,NA,NA,NA,NA,NA,NA,NA,NA,NA,NA,NA
NA,Word273_VB_trudge,NA,NULL,NULL,NULL,273,trudge,Tier2_hard,VB,NA,NA,NA,NA,,,,,walk,NA,NA,NA,NA,NA,tread,NA,NA,NA,NA,NA,NA,NA,NA,NA,NA,NA,NA,NA,NA,NA,NA,NA,NA,NA,NA,NA,NA,NA
NA,Word274_AJ_urgent,NA,NULL,NULL,NULL,274,urgent,Tier2_hard,AJ,NA,NA,NA,NA,,,,,important,NA,NA,NA,NA,NA,emergency,NA,NA,NA,NA,NA,imperative,NA,NA,NA,NA,NA,NA,NA,NA,NA,NA,NA,NA,NA,NA,NA,NA,NA
NA,Word275_AJ_nutant,1,NULL,NULL,NULL,275,nutant,rare,AJ,Nodding; having the top bent downward.,Webster's (via onelook),NA,NA,,,,,drooping,NA,NA,NA,NA,NA,nodding,NA,NA,NA,NA,NA,NA,NA,NA,NA,NA,NA,NA,NA,NA,NA,NA,NA,NA,NA,NA,NA,NA,NA
NA,Word276_VB_accinge,NA,NULL,NULL,NULL,276,accinge,rare,VB,"to make (oneself) ready, brace (oneself)",Collins Dictionary,NA,NA,,,,,prepare,NA,NA,NA,NA,NA,ready,NA,NA,NA,NA,NA,NA,NA,NA,NA,NA,NA,NA,NA,NA,NA,NA,NA,NA,NA,NA,NA,NA,NA
NA,Word277_VB_addle,NA,NULL,NULL,NULL,277,addle,rare,VB,fig. -- mix up or confuse,WordNet (via onelook.com),"lit. -- become rotten (""Addled eggs"")",WordNet (via onelook.com),,,,,confuse,NA,NA,NA,NA,NA,confound,NA,NA,NA,NA,NA,befuddle,NA,NA,NA,NA,NA,NA,NA,NA,NA,NA,NA,NA,NA,NA,NA,NA,NA
NA,Word278_NN_aegis,NA,NULL,NULL,NULL,278,aegis,rare,NN,fig. -- kindly endorsement and guidance,WordNet (via onelook.com),armor plate that protects the chest; the front part of a cuirass,WordNet (via onelook.com),,,,,support,NA,NA,NA,NA,NA,patronage,NA,NA,NA,NA,NA,auspices,NA,NA,NA,NA,NA,NA,NA,NA,NA,NA,NA,NA,NA,NA,NA,NA,NA
NA,Word279_VB_ambuscade,NA,NULL,NULL,NULL,279,ambuscade,rare,VB,wait in hiding to attack,WordNet (via onelook.com),NA,NA,,,,,attack,NA,NA,NA,NA,NA,ambush,NA,NA,NA,NA,NA,NA,NA,NA,NA,NA,NA,NA,NA,NA,NA,NA,NA,NA,NA,NA,NA,NA,NA
NA,Word280_NN_aplomb,NA,NULL,NULL,NULL,280,aplomb,rare,NN,great coolness and composure under strain,WordNet (via onelook.com),NA,NA,,,,,grace,NA,NA,NA,NA,NA,poise,NA,NA,NA,NA,NA,composure,NA,NA,NA,NA,NA,NA,NA,NA,NA,NA,NA,NA,NA,NA,NA,NA,NA
NA,Word281_AJ_curule,1,NULL,NULL,NULL,281,curule,rare,AJ,of the highest rank,Dictionary.com,NA,NA,,,,,highest,NA,NA,NA,NA,NA,top,NA,NA,NA,NA,NA,preeminent,NA,NA,NA,NA,NA,NA,NA,NA,NA,NA,NA,NA,NA,NA,NA,NA,NA
NA,Word282_AJ_fingent,1,NULL,NULL,NULL,282,fingent,rare,AJ,molding; shaping,Phrontistry (http://phrontistery.info),NA,NA,,,,,moldable,NA,NA,NA,NA,NA,pliable,NA,NA,NA,NA,NA,NA,NA,NA,NA,NA,NA,NA,NA,NA,NA,NA,NA,NA,NA,NA,NA,NA,NA
NA,Word283_VB_gloze,1,NULL,NULL,NULL,283,gloze,rare,VB,To smooth over; to palliate.,Macmillan (via onelook.com),NA,NA,,,,,cover,NA,NA,NA,NA,NA,gloss,NA,NA,NA,NA,NA,NA,NA,NA,NA,NA,NA,NA,NA,NA,NA,NA,NA,NA,NA,NA,NA,NA,NA
current sentences do not express sarcastic aspect,Word284_AJ_irrisory,1,NULL,NULL,NULL,284,irrisory,rare,AJ,derisive or mocking,Collins Dictionary,NA,NA,,,,,joking,NA,NA,NA,NA,NA,flippant,NA,NA,NA,NA,NA,facetious,NA,NA,NA,NA,NA,NA,NA,NA,NA,NA,NA,NA,NA,NA,NA,NA,NA
current sentences fail to capture SADNESS aspect of meaning,Word285_AJ_plangent,1,NULL,NULL,NULL,285,plangent,rare,AJ,"a plangent sound is deep, low, and sad",Macmillan (via onelook.com),NA,NA,,,,,loud,NA,NA,NA,NA,NA,resonant,NA,NA,NA,NA,NA,resounding,NA,NA,NA,NA,NA,NA,NA,NA,NA,NA,NA,NA,NA,NA,NA,NA,NA
NA,Word286_AJ_vizard,NA,NULL,NULL,NULL,286,vizard,rare,AJ,a means of disguise; mask; visor,Collins Dictionary,"disguise, guise",Merriam-Webster (11th ed.),,,,,mask,NA,NA,NA,NA,NA,façade,NA,NA,NA,NA,NA,veneer,NA,NA,NA,NA,NA,NA,NA,NA,NA,NA,NA,NA,NA,NA,NA,NA,NA
NA,Word287_AJ_wanze,NA,NULL,NULL,NULL,287,wanze,rare,AJ,NA,NA,NA,NA,,,,,weaken,NA,NA,NA,NA,NA,wither,NA,NA,NA,NA,NA,wane,NA,NA,NA,NA,NA,NA,NA,NA,NA,NA,NA,NA,NA,NA,NA,NA,NA
NA,Word288_AJ_xeric,1,NULL,NULL,NULL,288,xeric,rare,AJ,"being deficient in moisture (""Deserts provide xeric environments"")",WordNet (via onelook.com),NA,NA,,,,,dry,NA,NA,NA,NA,NA,acrid,NA,NA,NA,NA,NA,acrid,NA,NA,NA,NA,NA,NA,NA,NA,NA,NA,NA,NA,NA,NA,NA,NA,NA
"""modern usage closer to """"skeptical"""" or """"questioning""""""",Word289_AJ_zetetic,1,NULL,NULL,NULL,289,zetetic,rare,AJ,proceeding by inquiry; a search or investigation,Phrontistry (http://phrontistery.info),Seeking; proceeding by inquiry.,Webster's (via onelook),,,,,searching,NA,NA,NA,NA,NA,questioning,NA,NA,NA,NA,NA,NA,NA,NA,NA,NA,NA,NA,NA,NA,NA,NA,NA,NA,NA,NA,NA,NA,NA
NA,Word290_VB_abrade,NA,NULL,NULL,NULL,290,abrade,Tier2_hard,VB,NA,NA,NA,NA,,,,,rub,NA,NA,NA,NA,NA,chafe,NA,NA,NA,NA,NA,NA,NA,NA,NA,NA,NA,NA,NA,NA,NA,NA,NA,NA,NA,NA,NA,NA,NA
NA,Word291_AJ_assiduous,NA,NULL,NULL,NULL,291,assiduous,Tier2_hard,AJ,"marked by care and persistent effort (""Her assiduous attempts to learn French"")",WordNet (via onelook.com),NA,NA,,,,,careful,NA,NA,NA,NA,NA,diligent,NA,NA,NA,NA,NA,persistent,NA,NA,NA,NA,NA,NA,NA,NA,NA,NA,NA,NA,NA,NA,NA,NA,NA
NA,Word292_AJ_congruent,NA,NULL,NULL,NULL,292,congruent,Tier2_hard,AJ,NA,NA,NA,NA,,,,,correct,NA,NA,NA,NA,NA,compatible,NA,NA,NA,NA,NA,NA,NA,NA,NA,NA,NA,NA,NA,NA,NA,NA,NA,NA,NA,NA,NA,NA,NA
NA,Word293_VB_disabuse,NA,NULL,NULL,NULL,293,disabuse,Tier2_hard,VB,NA,NA,NA,NA,,,,,correct,NA,NA,NA,NA,NA,debunk,NA,NA,NA,NA,NA,NA,NA,NA,NA,NA,NA,NA,NA,NA,NA,NA,NA,NA,NA,NA,NA,NA,NA
NA,Word294_AJ_flaccid,NA,NULL,NULL,NULL,294,flaccid,Tier2_hard,AJ,NA,NA,NA,NA,,,,,weak,NA,NA,NA,NA,NA,flimsy,NA,NA,NA,NA,NA,NA,NA,NA,NA,NA,NA,NA,NA,NA,NA,NA,NA,NA,NA,NA,NA,NA,NA
NA,Word295_AJ_gloomy,1,NULL,NULL,NULL,295,gloomy,Tier2_hard,AJ,"depressingly dark (""The gloomy forest"")",WordNet (via onelook.com),"depressing in character or appearance (""Gloomy tenements"")",WordNet (via onelook.com),,,,,dark,NA,NA,NA,NA,NA,black,NA,NA,NA,NA,NA,tenebrous,NA,NA,NA,NA,NA,NA,NA,NA,NA,NA,NA,NA,NA,NA,NA,NA,NA
NA,Word296_NN_hindrance,NA,NULL,NULL,NULL,296,hindrance,Tier2_hard,NN,NA,NA,NA,NA,,,,,block,NA,NA,NA,NA,NA,obstacle,NA,NA,NA,NA,NA,NA,NA,NA,NA,NA,NA,NA,NA,NA,NA,NA,NA,NA,NA,NA,NA,NA,NA
NA,Word297_VB_implore,NA,NULL,NULL,NULL,297,implore,Tier2_hard,VB,NA,NA,NA,NA,,,,,ask,NA,NA,NA,NA,NA,beg,NA,NA,NA,NA,NA,NA,NA,NA,NA,NA,NA,NA,NA,NA,NA,NA,NA,NA,NA,NA,NA,NA,NA
NA,Word298_AJ_intricate,NA,NULL,NULL,NULL,298,intricate,Tier2_hard,AJ,"very detailed in design or structure (""an intricate pattern of birds and flowers""; ""an intricate tunnel system"")",Macmillan (via onelook.com),very complicated and difficult to understand or learn,Macmillan (via onelook.com),,,,,fancy,NA,NA,NA,NA,NA,elaborate,NA,NA,NA,NA,NA,abstruse,NA,NA,NA,NA,NA,NA,NA,NA,NA,NA,NA,NA,NA,NA,NA,NA,NA
NA,Word299_NN_prestige,NA,NULL,NULL,NULL,299,prestige,Tier2_hard,NN,NA,NA,NA,NA,,,,,fame,NA,NA,NA,NA,NA,fame,NA,NA,NA,NA,NA,eminence,NA,NA,NA,NA,NA,NA,NA,NA,NA,NA,NA,NA,NA,NA,NA,NA,NA
NA,Word300_NN_procrastination,NA,NULL,NULL,NULL,300,procrastination,Tier2_hard,NN,"postpone doing what one should be doing (""He did not want to write the letter and procrastinated for days"")",WordNet (via onelook.com),"postpone or delay needlessly (""He procrastinated the matter until it was almost too late"")",WordNet (via onelook.com),,,,,delay,NA,NA,NA,NA,NA,postponement,NA,NA,NA,NA,NA,NA,NA,NA,NA,NA,NA,NA,NA,NA,NA,NA,NA,NA,NA,NA,NA,NA,NA
NA,Word301_NN_quandary,NA,NULL,NULL,NULL,301,quandary,Tier2_hard,NN,NA,NA,NA,NA,,,,,situation,NA,NA,NA,NA,NA,plight,NA,NA,NA,NA,NA,NA,NA,NA,NA,NA,NA,NA,NA,NA,NA,NA,NA,NA,NA,NA,NA,NA,NA
NA,Word302_AJ_vitiate,NA,NULL,NULL,NULL,302,vitiate,Tier2_hard,AJ,NA,NA,NA,NA,,,,,cancel,NA,NA,NA,NA,NA,invalidate,NA,NA,NA,NA,NA,void,NA,NA,NA,NA,NA,NA,NA,NA,NA,NA,NA,NA,NA,NA,NA,NA,NA
NA,Word303_AJ_tentative,NA,NULL,NULL,NULL,303,tentative,Tier2_hard,AJ,NA,NA,NA,NA,,,,,unsure,NA,NA,NA,NA,NA,undecided,NA,NA,NA,NA,NA,provisional,NA,NA,NA,NA,NA,NA,NA,NA,NA,NA,NA,NA,NA,NA,NA,NA,NA
NA,Word304_AJ_abrasive,NA,NULL,NULL,NULL,304,abrasive,Tier2_hard,AJ,lit. -- causing abrasion,WordNet (via onelook.com),"fig. -- sharply disagreeable; rigorous (""An abrasive character"")",WordNet (via onelook.com),,,,,harsh,NA,NA,NA,NA,NA,scathing,NA,NA,NA,NA,NA,caustic,NA,NA,NA,NA,NA,NA,NA,NA,NA,NA,NA,NA,NA,NA,NA,NA,NA
NA,Word305_VB_adorn,NA,NULL,NULL,NULL,305,adorn,Tier2_hard,VB,"make more attractive by adding ornament, color, etc.",WordNet (via onelook.com),"be beautiful to look at (""Flowers adorned the tables everywhere"")",WordNet (via onelook.com),,,,,decorate,NA,NA,NA,NA,NA,beautify,NA,NA,NA,NA,NA,embellish,NA,NA,NA,NA,NA,NA,NA,NA,NA,NA,NA,NA,NA,NA,NA,NA,NA
NA,Word306_AJ_adventitious,NA,NULL,NULL,NULL,306,adventitious,Tier2_hard,AJ,"associated by chance and not an integral part (""""They had to decide whether his misconduct was adventitious or the result of a flaw in his character"""")",WordNet (via onelook.com),NA,NA,,,,,chance,NA,NA,NA,NA,NA,unexpected,NA,NA,NA,NA,NA,NA,NA,NA,NA,NA,NA,NA,NA,NA,NA,NA,NA,NA,NA,NA,NA,NA,NA
NA,Word307_NN_adversity,NA,NULL,NULL,NULL,307,adversity,Tier2_hard,NN,a stroke of ill fortune; a calamitous event,WordNet (via onelook.com),"a state of misfortune or affliction (""Debt-ridden farmers struggling with adversity"")",WordNet (via onelook.com),,,,,trouble,NA,NA,NA,NA,NA,difficulty,NA,NA,NA,NA,NA,NA,NA,NA,NA,NA,NA,NA,NA,NA,NA,NA,NA,NA,NA,NA,NA,NA,NA
NA,Word308_AJ_aesthetic,NA,NULL,NULL,NULL,308,aesthetic,Tier2_hard,AJ,aesthetically pleasing,WordNet (via onelook.com),"concerning or characterized by an appreciation of beauty or good taste (""The aesthetic faculties"")",WordNet (via onelook.com),,,,,handsome,NA,NA,NA,NA,NA,attractive,NA,NA,NA,NA,NA,NA,NA,NA,NA,NA,NA,NA,NA,NA,NA,NA,NA,NA,NA,NA,NA,NA,NA
NA,Word309_AJ_anodyne,NA,NULL,NULL,NULL,309,anodyne,Tier2_hard,AJ,"capable of relieving pain (""The anodyne properties of certain drugs"")",WordNet (via onelook.com),NA,NA,,,,,comforting,NA,NA,NA,NA,NA,soothing,NA,NA,NA,NA,NA,mollifying,NA,NA,NA,NA,NA,NA,NA,NA,NA,NA,NA,NA,NA,NA,NA,NA,NA
NA,Word310_AJ_antiquated,NA,NULL,NULL,NULL,310,antiquated,Tier2_hard,AJ,so extremely old as seeming to belong to an earlier period,WordNet (via onelook.com),NA,NA,,,,,old,NA,NA,NA,NA,NA,ancient,NA,NA,NA,NA,NA,NA,NA,NA,NA,NA,NA,NA,NA,NA,NA,NA,NA,NA,NA,NA,NA,NA,NA
NA,Word311_AJ_apathetic,NA,NULL,NULL,NULL,311,apathetic,Tier2_hard,AJ,"marked by a lack of interest (""An apathetic audience"")",WordNet (via onelook.com),"showing little or no emotion or animation (""A woman who became active rather than apathetic as she grew older"")",WordNet (via onelook.com),,,,,uncaring,NA,NA,NA,NA,NA,indifferent,NA,NA,NA,NA,NA,NA,NA,NA,NA,NA,NA,NA,NA,NA,NA,NA,NA,NA,NA,NA,NA,NA,NA
NA,Word312_AJ_archaic,NA,NULL,NULL,NULL,312,archaic,Tier2_hard,AJ,"so extremely old as seeming to belong to an earlier period (""Archaic laws"")",WordNet (via onelook.com),"little evolved from or characteristic of an earlier ancestral type (""Archaic forms of life"")",WordNet (via onelook.com),,,,,old,NA,NA,NA,NA,NA,ancient,NA,NA,NA,NA,NA,antiquated,NA,NA,NA,NA,NA,NA,NA,NA,NA,NA,NA,NA,NA,NA,NA,NA,NA
NA,Word313_AJ_arduous,NA,NULL,NULL,NULL,313,arduous,Tier2_hard,AJ,"characterized by toilsome effort to the point of exhaustion; especially physical effort (""Worked their arduous way up the mining valley"")",WordNet (via onelook.com),"difficult to accomplish; demanding considerable mental effort and skill (""The arduous work of preparing a dictionary"")",WordNet (via onelook.com),,,,,difficult,NA,NA,NA,NA,NA,laborious,NA,NA,NA,NA,NA,grueling,NA,NA,NA,NA,NA,NA,NA,NA,NA,NA,NA,NA,NA,NA,NA,NA,NA
NA,Word314_AJ_astute,NA,NULL,NULL,NULL,314,astute,Tier2_hard,AJ,"marked by practical hardheaded intelligence (""An astute tenant always reads the small print in a lease"")",WordNet (via onelook.com),NA,NA,,,,,smart,NA,NA,NA,NA,NA,intelligent,NA,NA,NA,NA,NA,canny,NA,NA,NA,NA,NA,NA,NA,NA,NA,NA,NA,NA,NA,NA,NA,NA,NA
NA,Word315_AJ_barbed,NA,NULL,NULL,NULL,315,barbed,Tier2_hard,AJ,NA,NA,NA,NA,,,,,sharp,NA,NA,NA,NA,NA,pointy,NA,NA,NA,NA,NA,NA,NA,NA,NA,NA,NA,NA,NA,NA,NA,NA,NA,NA,NA,NA,NA,NA,NA
NA,Word316_AJ_bashful,NA,NULL,NULL,NULL,316,bashful,Tier2_hard,AJ,"self-consciously timid (""I never laughed, being bashful"")",WordNet (via onelook.com),"disposed to avoid notice (""They considered themselves a tough outfit and weren't bashful about letting anybody know it"")",WordNet (via onelook.com),,,,,shy,NA,NA,NA,NA,NA,timid,NA,NA,NA,NA,NA,diffident,NA,NA,NA,NA,NA,NA,NA,NA,NA,NA,NA,NA,NA,NA,NA,NA,NA
NA,Word317_VB_befuddle,NA,NULL,NULL,NULL,317,befuddle,Tier2_hard,VB,NA,NA,NA,NA,,,,,confuse,NA,NA,NA,NA,NA,confound,NA,NA,NA,NA,NA,perplex,NA,NA,NA,NA,NA,NA,NA,NA,NA,NA,NA,NA,NA,NA,NA,NA,NA
NA,Word318_VB_besmirch,NA,NULL,NULL,NULL,318,besmirch,Tier2_hard,VB,list. -- smear so as to make dirty or stained,WordNet (via onelook.com),fig. -- charge falsely or with malicious intent; attack the good name and reputation of someone,WordNet (via onelook.com),,,,,ruin,NA,NA,NA,NA,NA,defile,NA,NA,NA,NA,NA,NA,NA,NA,NA,NA,NA,NA,NA,NA,NA,NA,NA,NA,NA,NA,NA,NA,NA
NA,Word319_AJ_bohemian,NA,NULL,NULL,NULL,319,bohemian,Tier2_hard,AJ,"unconventional in especially appearance and behavior (""A bohemian life style"")",WordNet (via onelook.com),NA,NA,,,,,hip,NA,NA,NA,NA,NA,rakish,NA,NA,NA,NA,NA,rakish,NA,NA,NA,NA,NA,NA,NA,NA,NA,NA,NA,NA,NA,NA,NA,NA,NA
NA,Word320_AJ_bravado,NA,NULL,NULL,NULL,320,bravado,Tier2_hard,AJ,a swaggering show of courage,WordNet (via onelook.com),NA,NA,,,,,bragging,NA,NA,NA,NA,NA,boasting,NA,NA,NA,NA,NA,hubris,NA,NA,NA,NA,NA,NA,NA,NA,NA,NA,NA,NA,NA,NA,NA,NA,NA
NA,Word321_AJ_cantankerous,NA,NULL,NULL,NULL,321,cantankerous,Tier2_hard,AJ,NA,NA,NA,NA,,,,,mean,NA,NA,NA,NA,NA,surly,NA,NA,NA,NA,NA,ornery,NA,NA,NA,NA,NA,NA,NA,NA,NA,NA,NA,NA,NA,NA,NA,NA,NA
NA,Word322_NN_clamor,NA,NULL,NULL,NULL,322,clamor,Tier2_hard,NN,a loud harsh or strident noise,WordNet (via onelook.com),"loud and persistent outcry from many people (""He ignored the clamor of the crowd"")",WordNet (via onelook.com),,,,,noise,NA,NA,NA,NA,NA,din,NA,NA,NA,NA,NA,din,NA,NA,NA,NA,NA,NA,NA,NA,NA,NA,NA,NA,NA,NA,NA,NA,NA
NA,Word323_AJ_coincidental,NA,NULL,NULL,NULL,323,coincidental,Tier2_hard,AJ,happening or existing by chance and not because of being planned,Macmillan (via onelook.com),NA,NA,,,,,chance,NA,NA,NA,NA,NA,adventitious,NA,NA,NA,NA,NA,adventitious,NA,NA,NA,NA,NA,NA,NA,NA,NA,NA,NA,NA,NA,NA,NA,NA,NA
NA,Word324_AJ_comestible,NA,NULL,NULL,NULL,324,comestible,Tier2_hard,AJ,suitable for use as food,WordNet (via onelook.com),NA,NA,,,,,eatable,NA,NA,NA,NA,NA,edible,NA,NA,NA,NA,NA,NA,NA,NA,NA,NA,NA,NA,NA,NA,NA,NA,NA,NA,NA,NA,NA,NA,NA
NA,Word325_NN_composure,NA,NULL,NULL,NULL,325,composure,Tier2_hard,NN,"steadiness of mind under stress (""He accepted their problems with composure and she with equanimity"")",WordNet (via onelook.com),NA,NA,,,,,grace,NA,NA,NA,NA,NA,poise,NA,NA,NA,NA,NA,NA,NA,NA,NA,NA,NA,NA,NA,NA,NA,NA,NA,NA,NA,NA,NA,NA,NA
NA,Word326_AJ_congenial,NA,NULL,NULL,NULL,326,congenial,Tier2_hard,AJ,"suitable to your needs or similar to your nature (""A congenial atmosphere to work in"")",WordNet (via onelook.com),NA,NA,,,,,pleasant,NA,NA,NA,NA,NA,copacetic,NA,NA,NA,NA,NA,NA,NA,NA,NA,NA,NA,NA,NA,NA,NA,NA,NA,NA,NA,NA,NA,NA,NA
NA,Word327_NN_consternation,NA,NULL,NULL,NULL,327,consternation,Tier2_hard,NN,a strong feeling of surprise or sudden disappointment that causes confusion,Merriam-Webster (11th ed.),NA,NA,,,,,anger,NA,NA,NA,NA,NA,vexation,NA,NA,NA,NA,NA,vexation,NA,NA,NA,NA,NA,NA,NA,NA,NA,NA,NA,NA,NA,NA,NA,NA,NA
NA,Word328_AJ_consummate,NA,NULL,NULL,NULL,328,consummate,Tier2_hard,AJ,"having or revealing supreme mastery or skill (""A consummate artist"")",WordNet (via onelook.com),"perfect and complete in every respect; having all necessary qualities (""Consummate happiness"")",WordNet (via onelook.com),,,,,highest,NA,NA,NA,NA,NA,preeminent,NA,NA,NA,NA,NA,NA,NA,NA,NA,NA,NA,NA,NA,NA,NA,NA,NA,NA,NA,NA,NA,NA,NA
NA,Word329_AJ_copacetic,NA,NULL,NULL,NULL,329,copacetic,Tier2_hard,AJ,"completely satisfactory (""His smile said that everything was copacetic"")",WordNet (via onelook.com),NA,NA,,,,,pleasant,NA,NA,NA,NA,NA,congenial,NA,NA,NA,NA,NA,congenial,NA,NA,NA,NA,NA,NA,NA,NA,NA,NA,NA,NA,NA,NA,NA,NA,NA
NA,Word330_VB_coruscate,NA,NULL,NULL,NULL,330,coruscate,Tier2_hard,VB,lit. -- reflect brightly,WordNet (via onelook.com),"fig. -- be lively or brilliant or exhibit virtuosity (""His playing coruscated through the concert hall"")",WordNet (via onelook.com),,,,,sparkle,NA,NA,NA,NA,NA,glisten,NA,NA,NA,NA,NA,NA,NA,NA,NA,NA,NA,NA,NA,NA,NA,NA,NA,NA,NA,NA,NA,NA,NA
NA,Word331_AJ_cunning,NA,NULL,NULL,NULL,331,cunning,Tier2_hard,AJ,"the use of clever methods to get what you want, especially methods that involve tricking or cheating people",WordNet (via onelook.com),NA,NA,,,,,smart,NA,NA,NA,NA,NA,clever,NA,NA,NA,NA,NA,canny,NA,NA,NA,NA,NA,NA,NA,NA,NA,NA,NA,NA,NA,NA,NA,NA,NA
NA,Word332_AJ_curmudgeonly,NA,NULL,NULL,NULL,332,curmudgeonly,Tier2_hard,AJ,"brusque and surly and forbidding (""His curmudgeonly temper"")",WordNet (via onelook.com),NA,NA,,,,,mean,NA,NA,NA,NA,NA,stern,NA,NA,NA,NA,NA,cantankerous,NA,NA,NA,NA,NA,NA,NA,NA,NA,NA,NA,NA,NA,NA,NA,NA,NA
NA,Word333_AJ_dauntless,NA,NULL,NULL,NULL,333,dauntless,Tier2_hard,AJ,invulnerable to fear or intimidation,WordNet (via onelook.com),NA,NA,,,,,brave,NA,NA,NA,NA,NA,intrepid,NA,NA,NA,NA,NA,NA,NA,NA,NA,NA,NA,NA,NA,NA,NA,NA,NA,NA,NA,NA,NA,NA,NA
NA,Word334_NN_debris,NA,NULL,NULL,NULL,334,debris,Tier2_hard,NN,the remains of something that has been destroyed or broken up,WordNet (via onelook.com),NA,NA,,,,,garbage,NA,NA,NA,NA,NA,trash,NA,NA,NA,NA,NA,NA,NA,NA,NA,NA,NA,NA,NA,NA,NA,NA,NA,NA,NA,NA,NA,NA,NA
NA,Word335_NN_decomposition,NA,NULL,NULL,NULL,335,decomposition,Tier2_hard,NN,the organic phenomenon of rotting,WordNet (via onelook.com),decaying caused by bacterial or fungal action,WordNet (via onelook.com),,,,,rotting,NA,NA,NA,NA,NA,disintegration,NA,NA,NA,NA,NA,NA,NA,NA,NA,NA,NA,NA,NA,NA,NA,NA,NA,NA,NA,NA,NA,NA,NA
NA,Word336_VB_diffident,NA,NULL,NULL,NULL,336,diffident,Tier2_hard,VB,"showing modest reserve (""She was diffident when offering a comment on the professor's lecture"")",WordNet (via onelook.com),"lacking self-confidence (""Stood in the doorway diffident and abashed"")",WordNet (via onelook.com),,,,,shy,NA,NA,NA,NA,NA,bashful,NA,NA,NA,NA,NA,timid,NA,NA,NA,NA,NA,NA,NA,NA,NA,NA,NA,NA,NA,NA,NA,NA,NA
NA,Word337_AJ_diligent,NA,NULL,NULL,NULL,337,diligent,Tier2_hard,AJ,"quietly and steadily persevering especially in detail or exactness (""A diligent (or patient) worker"")",WordNet (via onelook.com),"characterized by care and perseverance in carrying out tasks (""A diligent detective investigates all clues"")",WordNet (via onelook.com),,,,,careful,NA,NA,NA,NA,NA,persistent,NA,NA,NA,NA,NA,assiduous,NA,NA,NA,NA,NA,NA,NA,NA,NA,NA,NA,NA,NA,NA,NA,NA,NA
NA,Word338_NN_discipline,NA,NULL,NULL,NULL,338,discipline,Tier2_hard,NN,the ability to control your own behavior,Macmillan (via onelook.com),NA,NA,,,,,will,NA,NA,NA,NA,NA,temperance,NA,NA,NA,NA,NA,temperance,NA,NA,NA,NA,NA,NA,NA,NA,NA,NA,NA,NA,NA,NA,NA,NA,NA
NA,Word339_NA_dissident,NA,NULL,NULL,NULL,339,dissident,Tier2_hard,NA,NA,NA,NA,NA,,,,,outlaw,NA,NA,NA,NA,NA,renegade,NA,NA,NA,NA,NA,renegade,NA,NA,NA,NA,NA,NA,NA,NA,NA,NA,NA,NA,NA,NA,NA,NA,NA
NA,Word340_VB_dissuade,NA,NULL,NULL,NULL,340,dissuade,Tier2_hard,VB,"turn away from by persuasion (""Negative campaigning will only dissuade people""",WordNet (via onelook.com),NA,NA,,,,,discourage,NA,NA,NA,NA,NA,deter,NA,NA,NA,NA,NA,NA,NA,NA,NA,NA,NA,NA,NA,NA,NA,NA,NA,NA,NA,NA,NA,NA,NA
NA,Word341_AJ_distinctive,NA,NULL,NULL,NULL,341,distinctive,Tier2_hard,AJ,"of a feature that helps to distinguish a person or thing (""Jerusalem has a distinctive Middle East flavor- Curtis Wilkie"")",WordNet (via onelook.com),"serving to distinguish or identify a species or group (""Distinctive tribal tattoos"")",WordNet (via onelook.com),,,,,special,NA,NA,NA,NA,NA,defining,NA,NA,NA,NA,NA,NA,NA,NA,NA,NA,NA,NA,NA,NA,NA,NA,NA,NA,NA,NA,NA,NA,NA
NA,Word342_VB_disintegration,NA,NULL,NULL,NULL,342,disintegration,Tier2_hard,VB,in a decomposed state,WordNet (via onelook.com),total destruction,WordNet (via onelook.com),,,,,rotting,NA,NA,NA,NA,NA,decomposition,NA,NA,NA,NA,NA,NA,NA,NA,NA,NA,NA,NA,NA,NA,NA,NA,NA,NA,NA,NA,NA,NA,NA
NA,Word343_VB_emanate,NA,NULL,NULL,NULL,343,emanate,Tier2_hard,VB,"proceed or issue forth, as from a source (""Water emanates from this hole in the ground"")",WordNet (via onelook.com),NA,NA,,,,,appear,NA,NA,NA,NA,NA,emerge,NA,NA,NA,NA,NA,NA,NA,NA,NA,NA,NA,NA,NA,NA,NA,NA,NA,NA,NA,NA,NA,NA,NA
NA,Word344_VB_embellish,NA,NULL,NULL,NULL,344,embellish,Tier2_hard,VB,"make more attractive by adding ornament, color, etc.",WordNet (via onelook.com),make more beautiful,WordNet (via onelook.com),,,,,decorate,NA,NA,NA,NA,NA,adorn,NA,NA,NA,NA,NA,beautify,NA,NA,NA,NA,NA,NA,NA,NA,NA,NA,NA,NA,NA,NA,NA,NA,NA
NA,Word345_VB_erode,NA,NULL,NULL,NULL,345,erode,Tier2_hard,VB,"lit. -- remove soil or rock (""Rain eroded the terraces"")",WordNet (via onelook.com),"fig. -- become ground down or deteriorate (""Her confidence eroded"")",WordNet (via onelook.com),,,,,weaken,NA,NA,NA,NA,NA,deteriorate,NA,NA,NA,NA,NA,NA,NA,NA,NA,NA,NA,NA,NA,NA,NA,NA,NA,NA,NA,NA,NA,NA,NA
NA,Word346_NN_façade,NA,NULL,NULL,NULL,346,façade,Tier2_hard,NN,lit. -- the face or front of a building,Macmillan (via onelook.com),fig. -- a showy misrepresentation intended to conceal something unpleasant,Macmillan (via onelook.com),,,,,outside,NA,NA,NA,NA,NA,surface,NA,NA,NA,NA,NA,veneer,NA,NA,NA,NA,NA,NA,NA,NA,NA,NA,NA,NA,NA,NA,NA,NA,NA
NA,Word347_AJ_facetious,NA,NULL,NULL,NULL,347,facetious,Tier2_hard,AJ,"cleverly amusing in tone (""Facetious remarks"")",WordNet (via onelook.com),NA,NA,,,,,joking,NA,NA,NA,NA,NA,flippant,NA,NA,NA,NA,NA,NA,NA,NA,NA,NA,NA,NA,NA,NA,NA,NA,NA,NA,NA,NA,NA,NA,NA
NA,Word348_VB_flinch,NA,NULL,NULL,NULL,348,flinch,Tier2_hard,VB,"draw back, as with fear or pain (""She flinched when they showed the slaughtering of the calf"")",WordNet (via onelook.com),NA,NA,,,,,withdraw,NA,NA,NA,NA,NA,wince,NA,NA,NA,NA,NA,wince,NA,NA,NA,NA,NA,NA,NA,NA,NA,NA,NA,NA,NA,NA,NA,NA,NA
NA,Word349_AJ_flippant,NA,NULL,NULL,NULL,349,flippant,Tier2_hard,AJ,showing inappropriate levity,WordNet (via onelook.com),NA,NA,,,,,joking,NA,NA,NA,NA,NA,facetious,NA,NA,NA,NA,NA,facetious,NA,NA,NA,NA,NA,NA,NA,NA,NA,NA,NA,NA,NA,NA,NA,NA,NA
NA,Word350_VB_frolic,NA,NULL,NULL,NULL,350,frolic,Tier2_hard,VB,"play boisterously (""The children frolicked in the garden"")",WordNet (via onelook.com),NA,NA,,,,,play,NA,NA,NA,NA,NA,celebrate,NA,NA,NA,NA,NA,cavort,NA,NA,NA,NA,NA,NA,NA,NA,NA,NA,NA,NA,NA,NA,NA,NA,NA
NA,Word351_AJ_gaudy,NA,NULL,NULL,NULL,351,gaudy,Tier2_hard,AJ,"brightly colored and ugly, or of bad quality",Macmillan (via onelook.com),NA,NA,,,,,ugly,NA,NA,NA,NA,NA,gaudy,NA,NA,NA,NA,NA,hideous,NA,NA,NA,NA,NA,NA,NA,NA,NA,NA,NA,NA,NA,NA,NA,NA,NA
NA,Word352_AJ_gaunt,NA,NULL,NULL,NULL,352,gaunt,Tier2_hard,AJ,"very thin especially from disease or hunger or cold (""A nightmare population of gaunt men and skeletal boys"")",WordNet (via onelook.com),NA,NA,,,,,skinny,NA,NA,NA,NA,NA,thin,NA,NA,NA,NA,NA,emaciated,NA,NA,NA,NA,NA,NA,NA,NA,NA,NA,NA,NA,NA,NA,NA,NA,NA
NA,Word353_NN_gratitude,NA,NULL,NULL,NULL,353,gratitude,Tier2_hard,NN,"a feeling of thankfulness and appreciation (""He was overwhelmed with gratitude for their help"")",WordNet (via onelook.com),NA,NA,,,,,thanks,NA,NA,NA,NA,NA,appreciation,NA,NA,NA,NA,NA,NA,NA,NA,NA,NA,NA,NA,NA,NA,NA,NA,NA,NA,NA,NA,NA,NA,NA
NA,Word354_VB_grouse,NA,NULL,NULL,NULL,354,grouse,Tier2_hard,VB,NA,NA,NA,NA,,,,,complain,NA,NA,NA,NA,NA,kvetch,NA,NA,NA,NA,NA,NA,NA,NA,NA,NA,NA,NA,NA,NA,NA,NA,NA,NA,NA,NA,NA,NA,NA
NA,Word355_AJ_grueling,NA,NULL,NULL,NULL,355,grueling,Tier2_hard,AJ,"characterized by toilsome effort to the point of exhaustion; especially physical effort (""A grueling campaign"")",WordNet (via onelook.com),NA,NA,,,,,difficult,NA,NA,NA,NA,NA,arduous,NA,NA,NA,NA,NA,laborious,NA,NA,NA,NA,NA,NA,NA,NA,NA,NA,NA,NA,NA,NA,NA,NA,NA
NA,Word356_AJ_haughty,NA,NULL,NULL,NULL,356,haughty,Tier2_hard,AJ,"having or showing arrogant superiority to and disdain of those one views as unworthy (""Haughty aristocrats"")",WordNet (via onelook.com),NA,NA,,,,,proud,NA,NA,NA,NA,NA,arrogant,NA,NA,NA,NA,NA,supercilious,NA,NA,NA,NA,NA,NA,NA,NA,NA,NA,NA,NA,NA,NA,NA,NA,NA
NA,Word357_VB_heave,NA,NULL,NULL,NULL,357,heave,Tier2_hard,VB,lift or elevate,WordNet (via onelook.com),throw with great effort,WordNet (via onelook.com),,,,,move,NA,NA,NA,NA,NA,hoist,NA,NA,NA,NA,NA,NA,NA,NA,NA,NA,NA,NA,NA,NA,NA,NA,NA,NA,NA,NA,NA,NA,NA
NA,Word358_NN_hermit,NA,NULL,NULL,NULL,358,hermit,Tier2_hard,NN,NA,NA,NA,NA,,,,,loner,NA,NA,NA,NA,NA,outcast,NA,NA,NA,NA,NA,recluse,NA,NA,NA,NA,NA,NA,NA,NA,NA,NA,NA,NA,NA,NA,NA,NA,NA
NA,Word359_NN_hubris,NA,NULL,NULL,NULL,359,hubris,Tier2_hard,NN,overbearing pride or presumption,WordNet (via onelook.com),NA,NA,,,,,bragging,NA,NA,NA,NA,NA,boasting,NA,NA,NA,NA,NA,bravado,NA,NA,NA,NA,NA,NA,NA,NA,NA,NA,NA,NA,NA,NA,NA,NA,NA
NA,Word360_AJ_inconsolable,NA,NULL,NULL,NULL,360,inconsolable,Tier2_hard,AJ,"sad beyond comforting; incapable of being consoled (""Inconsolable when her son died"")",WordNet (via onelook.com),NA,NA,,,,,crying,NA,NA,NA,NA,NA,wailing,NA,NA,NA,NA,NA,NA,NA,NA,NA,NA,NA,NA,NA,NA,NA,NA,NA,NA,NA,NA,NA,NA,NA
NA,Word361_AJ_indifferent,NA,NULL,NULL,NULL,361,indifferent,Tier2_hard,AJ,"showing no care or concern in attitude or action (""Indifferent to the sufferings of others"")",WordNet (via onelook.com),"marked by no especial liking or dislike or preference for one thing over another (""Indifferent about which book you would give them"")",WordNet (via onelook.com),,,,,uncaring,NA,NA,NA,NA,NA,apathetic,NA,NA,NA,NA,NA,apathetic,NA,NA,NA,NA,NA,NA,NA,NA,NA,NA,NA,NA,NA,NA,NA,NA,NA
NA,Word362_NN_insight,NA,NULL,NULL,NULL,362,insight,Tier2_hard,NN,NA,NA,NA,NA,,,,,idea,NA,NA,NA,NA,NA,revelation,NA,NA,NA,NA,NA,epiphany,NA,NA,NA,NA,NA,NA,NA,NA,NA,NA,NA,NA,NA,NA,NA,NA,NA
NA,Word363_AJ_insuperable,NA,NULL,NULL,NULL,363,insuperable,Tier2_hard,AJ,"incapable of being surmounted or excelled (""Insuperable odds"")",WordNet (via onelook.com),NA,NA,,,,,impossible,NA,NA,NA,NA,NA,insurmountable,NA,NA,NA,NA,NA,NA,NA,NA,NA,NA,NA,NA,NA,NA,NA,NA,NA,NA,NA,NA,NA,NA,NA
NA,Word364_AJ_insurmountable,NA,NULL,NULL,NULL,364,insurmountable,Tier2_hard,AJ,"not capable of being surmounted or overcome (""Insurmountable disadvantages"")",WordNet (via onelook.com),NA,NA,,,,,impossible,NA,NA,NA,NA,NA,insuperable,NA,NA,NA,NA,NA,insuperable,NA,NA,NA,NA,NA,NA,NA,NA,NA,NA,NA,NA,NA,NA,NA,NA,NA
NA,Word365_AJ_irascible,NA,NULL,NULL,NULL,365,irascible,Tier2_hard,AJ,quickly aroused to anger,WordNet (via onelook.com),"characterized by anger (""An irascible response"")",WordNet (via onelook.com),,,,,grouchy,NA,NA,NA,NA,NA,irritable,NA,NA,NA,NA,NA,cantankerous,NA,NA,NA,NA,NA,NA,NA,NA,NA,NA,NA,NA,NA,NA,NA,NA,NA
NA,Word366_VB_kvetch,NA,NULL,NULL,NULL,366,kvetch,Tier2_hard,VB,"express complaints, discontent, displeasure, or unhappiness",WordNet (via onelook.com),NA,NA,,,,,complain,NA,NA,NA,NA,NA,grouse,NA,NA,NA,NA,NA,grouse,NA,NA,NA,NA,NA,NA,NA,NA,NA,NA,NA,NA,NA,NA,NA,NA,NA
NA,Word367_AJ_limber,NA,NULL,NULL,NULL,367,limber,Tier2_hard,AJ,(used of persons' bodies) capable of moving or bending freely,WordNet (via onelook.com),"(used of e.g. personality traits) readily adaptable (""A limber imagination"")",WordNet (via onelook.com),,,,,flexible,NA,NA,NA,NA,NA,lithe,NA,NA,NA,NA,NA,lithe,NA,NA,NA,NA,NA,NA,NA,NA,NA,NA,NA,NA,NA,NA,NA,NA,NA
NA,Word368_AJ_menacing,NA,NULL,NULL,NULL,368,menacing,Tier2_hard,AJ,"threatening or foreshadowing evil or tragic developments (""His tone became menacing"")",WordNet (via onelook.com),NA,NA,,,,,scary,NA,NA,NA,NA,NA,threatening,NA,NA,NA,NA,NA,baleful,NA,NA,NA,NA,NA,NA,NA,NA,NA,NA,NA,NA,NA,NA,NA,NA,NA
NA,Word369_AJ_mollifying,NA,NULL,NULL,NULL,369,mollifying,Tier2_hard,AJ,"make more temperate, acceptable, or suitable by adding something else; moderate",WordNet (via onelook.com),"cause to be more favorably inclined; gain the good will of (""She managed to mollify the angry customer"")",WordNet (via onelook.com),,,,,comforting,NA,NA,NA,NA,NA,soothing,NA,NA,NA,NA,NA,anodyne,NA,NA,NA,NA,NA,NA,NA,NA,NA,NA,NA,NA,NA,NA,NA,NA,NA
NA,Word370_NN_murmur,NA,NULL,NULL,NULL,370,murmur,Tier2_hard,NN,a low continuous indistinct sound; often accompanied by movement of the lips without the production of articulate speech,WordNet (via onelook.com),NA,NA,,,,,whisper,NA,NA,NA,NA,NA,mumble,NA,NA,NA,NA,NA,NA,NA,NA,NA,NA,NA,NA,NA,NA,NA,NA,NA,NA,NA,NA,NA,NA,NA
NA,Word371_NN_myopia,NA,NULL,NULL,NULL,371,myopia,Tier2_hard,NN,fig. -- a failure to consider what the results of your actions will be,Macmillan (via onelook.com),lit. -- a medical condition in which you cannot see clearly things that are far away. A less technical name for this is nearsightedness.,Macmillan (via onelook.com),,,,,blindness,NA,NA,NA,NA,NA,shortsightedness,NA,NA,NA,NA,NA,NA,NA,NA,NA,NA,NA,NA,NA,NA,NA,NA,NA,NA,NA,NA,NA,NA,NA
NA,Word372_AJ_odious,NA,NULL,NULL,NULL,372,odious,Tier2_hard,AJ,"unequivocally detestable (""Consequences odious to those you govern- Edmund Burke"")",WordNet (via onelook.com),NA,NA,,,,,bad,NA,NA,NA,NA,NA,repugnant,NA,NA,NA,NA,NA,repugnant,NA,NA,NA,NA,NA,NA,NA,NA,NA,NA,NA,NA,NA,NA,NA,NA,NA
NA,Word373_AJ_otiose,NA,NULL,NULL,NULL,373,otiose,Tier2_hard,AJ,"serving no useful purpose; having no excuse for being (""Otiose lines in a play"")",WordNet (via onelook.com),"producing no result or effect (""An otiose undertaking"")",WordNet (via onelook.com),,,,,worthless,NA,NA,NA,NA,NA,useless,NA,NA,NA,NA,NA,NA,NA,NA,NA,NA,NA,NA,NA,NA,NA,NA,NA,NA,NA,NA,NA,NA,NA
NA,Word374_NN_patronage,NA,NULL,NULL,NULL,374,patronage,Tier2_hard,NN,the act of providing approval and support,WordNet (via onelook.com),"the business given to a commercial establishment by its customers (""Even before noon there was a considerable patronage"")",WordNet (via onelook.com),,,,,support,NA,NA,NA,NA,NA,auspices,NA,NA,NA,NA,NA,auspices,NA,NA,NA,NA,NA,NA,NA,NA,NA,NA,NA,NA,NA,NA,NA,NA,NA
NA,Word375_AJ_pernicious,NA,NULL,NULL,NULL,375,pernicious,Tier2_hard,AJ,working or spreading in a hidden and usually injurious way,WordNet (via onelook.com),exceedingly harmful,WordNet (via onelook.com),,,,,bad,NA,NA,NA,NA,NA,odious,NA,NA,NA,NA,NA,noxious,NA,NA,NA,NA,NA,NA,NA,NA,NA,NA,NA,NA,NA,NA,NA,NA,NA
NA,Word376_AJ_pliable,NA,NULL,NULL,NULL,376,pliable,Tier2_hard,AJ,"capable of being shaped or bent or drawn out (""They soaked the leather to made it pliable"")",WordNet (via onelook.com),able to adjust readily to different conditions,WordNet (via onelook.com),,,,,moldable,NA,NA,NA,NA,NA,soft,NA,NA,NA,NA,NA,NA,NA,NA,NA,NA,NA,NA,NA,NA,NA,NA,NA,NA,NA,NA,NA,NA,NA
NA,Word377_VB_portend,NA,NULL,NULL,NULL,377,portend,Tier2_hard,VB,indicate by signs,WordNet (via onelook.com),NA,NA,,,,,forecast,NA,NA,NA,NA,NA,predict,NA,NA,NA,NA,NA,augur,NA,NA,NA,NA,NA,NA,NA,NA,NA,NA,NA,NA,NA,NA,NA,NA,NA
NA,Word378_AJ_preeminent,NA,NULL,NULL,NULL,378,preeminent,Tier2_hard,AJ,"greatest in importance or degree or significance or achievement (""A preeminent archeologist"")",WordNet (via onelook.com),NA,NA,,,,,highest,NA,NA,NA,NA,NA,top,NA,NA,NA,NA,NA,consummate,NA,NA,NA,NA,NA,NA,NA,NA,NA,NA,NA,NA,NA,NA,NA,NA,NA
NA,Word379_AJ_putrid,NA,NULL,NULL,NULL,379,putrid,Tier2_hard,AJ,"lit. -- offensively malodorous (""A putrid smell"")",WordNet (via onelook.com),"fig. -- morally corrupt or evil (""The putrid atmosphere of the court"")",WordNet (via onelook.com),,,,,stinky,NA,NA,NA,NA,NA,smelly,NA,NA,NA,NA,NA,noisome,NA,NA,NA,NA,NA,NA,NA,NA,NA,NA,NA,NA,NA,NA,NA,NA,NA
NA,Word380_VB_quash,NA,NULL,NULL,NULL,380,quash,Tier2_hard,VB,"put down by force or intimidation (""The government quashes any attempt of an uprising"")",WordNet (via onelook.com),declare invalid,WordNet (via onelook.com),,,,,silence,NA,NA,NA,NA,NA,suppress,NA,NA,NA,NA,NA,stifle,NA,NA,NA,NA,NA,NA,NA,NA,NA,NA,NA,NA,NA,NA,NA,NA,NA
NA,Word381_NN_quisling,NA,NULL,NULL,NULL,381,quisling,Tier2_hard,NN,NA,NA,NA,NA,,,,,traitor,NA,NA,NA,NA,NA,turncoat,NA,NA,NA,NA,NA,NA,NA,NA,NA,NA,NA,NA,NA,NA,NA,NA,NA,NA,NA,NA,NA,NA,NA
NA,Word382_AJ_rapacious,NA,NULL,NULL,NULL,382,rapacious,Tier2_hard,AJ,"fig. -- excessively greedy and grasping (""A rapacious divorcee on the prowl"")",WordNet (via onelook.com),"lit. -- devouring or craving food in great quantities (""A rapacious appetite"")",WordNet (via onelook.com),,,,,greedy,NA,NA,NA,NA,NA,acquisitive,NA,NA,NA,NA,NA,avaricious,NA,NA,NA,NA,NA,NA,NA,NA,NA,NA,NA,NA,NA,NA,NA,NA,NA
NA,Word383_NN_renegade,NA,NULL,NULL,NULL,383,renegade,Tier2_hard,NN,a disloyal person who betrays or deserts his cause or religion or political party or friend etc.,WordNet (via onelook.com),someone who rebels and becomes an outlaw,WordNet (via onelook.com),,,,,outlaw,NA,NA,NA,NA,NA,dissident,NA,NA,NA,NA,NA,NA,NA,NA,NA,NA,NA,NA,NA,NA,NA,NA,NA,NA,NA,NA,NA,NA,NA
NA,Word384_NN_repose,NA,NULL,NULL,NULL,384,repose,Tier2_hard,NN,a disposition free from stress or emotion,WordNet (via onelook.com),the absence of mental stress or anxiety,WordNet (via onelook.com),,,,,peace,NA,NA,NA,NA,NA,tranquility,NA,NA,NA,NA,NA,NA,NA,NA,NA,NA,NA,NA,NA,NA,NA,NA,NA,NA,NA,NA,NA,NA,NA
NA,Word385_AJ_repugnant,NA,NULL,NULL,NULL,385,repugnant,Tier2_hard,AJ,"offensive to the mind (""Morally repugnant customs"")",WordNet (via onelook.com),NA,NA,,,,,bad,NA,NA,NA,NA,NA,terrible,NA,NA,NA,NA,NA,odious,NA,NA,NA,NA,NA,NA,NA,NA,NA,NA,NA,NA,NA,NA,NA,NA,NA
NA,Word386_AJ_resonant,NA,NULL,NULL,NULL,386,resonant,Tier2_hard,AJ,a resonant sound is deep and clear and continues for a long time,Macmillan (via onelook.com),NA,NA,,,,,loud,NA,NA,NA,NA,NA,reverberating,NA,NA,NA,NA,NA,resounding,NA,NA,NA,NA,NA,NA,NA,NA,NA,NA,NA,NA,NA,NA,NA,NA,NA
NA,Word387_AJ_resounding,NA,NULL,NULL,NULL,387,resounding,Tier2_hard,AJ,characterized by reverberation,Macmillan (via onelook.com),NA,NA,,,,,loud,NA,NA,NA,NA,NA,reverberating,NA,NA,NA,NA,NA,resonant,NA,NA,NA,NA,NA,NA,NA,NA,NA,NA,NA,NA,NA,NA,NA,NA,NA
NA,Word388_VB_slander,NA,NULL,NULL,NULL,388,slander,Tier2_hard,VB,charge falsely or with malicious intent; attack the good name and reputation of someone,WordNet (via onelook.com),NA,NA,,,,,insult,NA,NA,NA,NA,NA,malign,NA,NA,NA,NA,NA,malign,NA,NA,NA,NA,NA,NA,NA,NA,NA,NA,NA,NA,NA,NA,NA,NA,NA
NA,Word389_AJ_stern,NA,NULL,NULL,NULL,389,stern,Tier2_hard,AJ,"of a stern or strict bearing or demeanor; forbidding in aspect (""A stern face"")",WordNet (via onelook.com),"severe and unremitting in making demands (""A stern disciplinarian"")",WordNet (via onelook.com),,,,,mean,NA,NA,NA,NA,NA,grim,NA,NA,NA,NA,NA,curmudgeonly,NA,NA,NA,NA,NA,NA,NA,NA,NA,NA,NA,NA,NA,NA,NA,NA,NA
NA,Word390_NN_strife,NA,NULL,NULL,NULL,390,strife,Tier2_hard,NN,bitter conflict; heated often violent dissension,WordNet (via onelook.com),lack of agreement or harmony,WordNet (via onelook.com),,,,,fighting,NA,NA,NA,NA,NA,conflict,NA,NA,NA,NA,NA,discord,NA,NA,NA,NA,NA,NA,NA,NA,NA,NA,NA,NA,NA,NA,NA,NA,NA
NA,Word391_VB_suppress,NA,NULL,NULL,NULL,391,suppress,Tier2_hard,VB,"to put down by force or authority (""Suppress a nascent uprising"")",WordNet (via onelook.com),"keep under control; keep in check (""Suppress a smile"")",WordNet (via onelook.com),,,,,silence,NA,NA,NA,NA,NA,quash,NA,NA,NA,NA,NA,quash,NA,NA,NA,NA,NA,NA,NA,NA,NA,NA,NA,NA,NA,NA,NA,NA,NA
NA,Word392_VB_swindle,NA,NULL,NULL,NULL,392,swindle,Tier2_hard,VB,"deprive of by deceit (""He swindled me out of my inheritance"")",WordNet (via onelook.com),NA,NA,,,,,cheat,NA,NA,NA,NA,NA,bilk,NA,NA,NA,NA,NA,bilk,NA,NA,NA,NA,NA,NA,NA,NA,NA,NA,NA,NA,NA,NA,NA,NA,NA
NA,Word393_VB_swipe,NA,NULL,NULL,NULL,393,swipe,Tier2_hard,VB,make off with belongings of others,WordNet (via onelook.com),strike with a swiping motion,WordNet (via onelook.com),,,,,steal,NA,NA,NA,NA,NA,purloin,NA,NA,NA,NA,NA,purloin,NA,NA,NA,NA,NA,NA,NA,NA,NA,NA,NA,NA,NA,NA,NA,NA,NA
NA,Word394_AJ_tempestuous,NA,NULL,NULL,NULL,394,tempestuous,Tier2_hard,AJ,lit. -- involving violent storms,Macmillan (via onelook.com),"fig. -- full of strong emotion (""tempestuous relationship"")",Macmillan (via onelook.com),,,,,stormy,NA,NA,NA,NA,NA,turbulent,NA,NA,NA,NA,NA,turbulent,NA,NA,NA,NA,NA,NA,NA,NA,NA,NA,NA,NA,NA,NA,NA,NA,NA
NA,Word395_AJ_tenebrous,NA,NULL,NULL,NULL,395,tenebrous,Tier2_hard,AJ,Characterized by darkness or gloom; tenebrous.,Webster's (via onelook),NA,NA,,,,,dark,NA,NA,NA,NA,NA,black,NA,NA,NA,NA,NA,gloomy,NA,NA,NA,NA,NA,NA,NA,NA,NA,NA,NA,NA,NA,NA,NA,NA,NA
NA,Word396_VB_toil,NA,NULL,NULL,NULL,396,toil,Tier2_hard,VB,work hard,WordNet (via onelook.com),NA,NA,,,,,work,NA,NA,NA,NA,NA,labor,NA,NA,NA,NA,NA,travail,NA,NA,NA,NA,NA,NA,NA,NA,NA,NA,NA,NA,NA,NA,NA,NA,NA
NA,Word397_NN_tranquility,NA,NULL,NULL,NULL,397,tranquility,Tier2_hard,NN,a state of peace and quiet,WordNet (via onelook.com),a disposition free from stress or emotion,WordNet (via onelook.com),,,,,peace,NA,NA,NA,NA,NA,serenity,NA,NA,NA,NA,NA,repose,NA,NA,NA,NA,NA,NA,NA,NA,NA,NA,NA,NA,NA,NA,NA,NA,NA
NA,Word398_AJ_turbulent,NA,NULL,NULL,NULL,398,turbulent,Tier2_hard,AJ,"lit. -- (of a liquid) agitated vigorously; in a state of turbulence (""Turbulent rapids"")",WordNet (via onelook.com),"fig. -- characterized by unrest or disorder or insubordination (""A turbulent and unruly childhood"")",WordNet (via onelook.com),,,,,stormy,NA,NA,NA,NA,NA,tempestuous,NA,NA,NA,NA,NA,tempestuous,NA,NA,NA,NA,NA,NA,NA,NA,NA,NA,NA,NA,NA,NA,NA,NA,NA
NA,Word399_NN_turncoat,NA,NULL,NULL,NULL,399,turncoat,Tier2_hard,NN,a disloyal person who betrays or deserts his cause or religion or political party or friend etc.,WordNet (via onelook.com),NA,NA,,,,,traitor,NA,NA,NA,NA,NA,quisling,NA,NA,NA,NA,NA,quisling,NA,NA,NA,NA,NA,NA,NA,NA,NA,NA,NA,NA,NA,NA,NA,NA,NA
NA,Word400_NN_twilight,NA,NULL,NULL,NULL,400,twilight,Tier2_hard,NN,"the time of day immediately following sunset (""He loved the twilight"")",WordNet (via onelook.com),the diffused light from the sky when the sun is below the horizon but its rays are refracted by the atmosphere of the earth,WordNet (via onelook.com),,,,,evening,NA,NA,NA,NA,NA,dusk,NA,NA,NA,NA,NA,NA,NA,NA,NA,NA,NA,NA,NA,NA,NA,NA,NA,NA,NA,NA,NA,NA,NA
NA,Word401_NN_vexation,NA,NULL,NULL,NULL,401,vexation,Tier2_hard,NN,anger produced by some annoying irritation,WordNet (via onelook.com),the psychological state of being irritated or annoyed,WordNet (via onelook.com),,,,,anger,NA,NA,NA,NA,NA,consternation,NA,NA,NA,NA,NA,consternation,NA,NA,NA,NA,NA,NA,NA,NA,NA,NA,NA,NA,NA,NA,NA,NA,NA
NA,Word402_AJ_vulgar,NA,NULL,NULL,NULL,402,vulgar,Tier2_hard,AJ,"lacking refinement or cultivation or taste (""Appealing to the vulgar taste for violence"")",WordNet (via onelook.com),"conspicuously and tastelessly indecent (""A vulgar gesture"")",WordNet (via onelook.com),,,,,rude,NA,NA,NA,NA,NA,uncouth,NA,NA,NA,NA,NA,uncouth,NA,NA,NA,NA,NA,NA,NA,NA,NA,NA,NA,NA,NA,NA,NA,NA,NA
NA,Word403_AJ_friendly,NA,NULL,NULL,NULL,403,friendly,Tier2_easy,AJ,helpful,Living Word Vocabulary (4th grade list),,,,,,,helpful,,,,,,,,,,,,,,,,,,,,,,,,,,,,,
NA,Word404_AJ_huge,NA,NULL,NULL,NULL,404,huge,Tier2_easy,AJ,very large,Living Word Vocabulary (4th grade list),,,,,,,big,,,,,,gigantic,,,,,,immense,,,,,,,,,,,,,,,,,
NA,Word405_AJ_important,NA,NULL,NULL,NULL,405,important,Tier2_easy,AJ,serious,Living Word Vocabulary (4th grade list),,,,,,,serious,,,,,,,,,,,,,,,,,,,,,,,,,,,,,
NA,Word406_AJ_necessary,NA,NULL,NULL,NULL,406,necessary,Tier2_easy,AJ,needed,Living Word Vocabulary (4th grade list),,,,,,,needed,,,,,,,,,,,,,,,,,,,,,,,,,,,,,
NA,Word407_AJ_valuable,NA,NULL,NULL,NULL,407,valuable,Tier2_easy,AJ,worth a high price,Living Word Vocabulary (4th grade list),,,,,,,valued,,,,,,prized,,,,,,,,,,,,,,,,,,,,,,,
NA,Word408_AJ_warm,NA,NULL,NULL,NULL,408,warm,Tier2_easy,AJ,medium hot,Living Word Vocabulary (4th grade list),,,,,,,sunny,,,,,,balmy,,,,,,temperate,,,,,,,,,,,,,,,,,
NA,Word409_AJ_harmful,NA,NULL,NULL,NULL,409,harmful,Tier2_easy,AJ,can hurt,Living Word Vocabulary (4th grade list),,,,,,,hurtful,,,,,,,,,,,,,,,,,,,,,,,,,,,,,
NA,Word410_AJ_cheerful,NA,NULL,NULL,NULL,410,cheerful,Tier2_easy,AJ,gay,Living Word Vocabulary (4th grade list),,,,,,,joyful,,,,,,upbeat,,,,,,effervescent,,,,,,,,,,,,,,,,,
NA,Word411_AJ_peaceful,NA,NULL,NULL,NULL,411,peaceful,Tier2_easy,AJ,calm,Living Word Vocabulary (4th grade list),,,,,,,calm,,,,,,,,,,,,,,,,,,,,,,,,,,,,,
NA,Word412_AJ_strange,NA,NULL,NULL,NULL,412,strange,Tier2_easy,AJ,unusual,Living Word Vocabulary (4th grade list),,,,,,,weird,,,,,,unusual,,,,,,peculiar,,,,,,,,,,,,,,,,,
NA,Word413_AJ_strong,NA,NULL,NULL,NULL,413,strong,Tier2_easy,AJ,"healthy, sound",Living Word Vocabulary (4th grade list),,,,,,,powerful,,,,,,potent,,,,,,robust,,,,,,,,,,,,,,,,,
NA,Word414_NN_beginning,NA,NULL,NULL,NULL,414,beginning,Tier2_easy,NN,starting,Living Word Vocabulary (4th grade list),NA,NA,,,,,start,,,,,,onset,,,,,,inception,,,,,,,,,,,,,,,,,
NA,Word415_NN_flight,NA,NULL,NULL,NULL,415,flight,Tier2_easy,NN,airplane trip,Living Word Vocabulary (4th grade list),,,,,,,flying,,,,,,NA,,,,,,aviation,,,,,,,,,,,,,,,,,
NA,Word416_NN_distance,NA,NULL,NULL,NULL,416,distance,Tier2_easy,NN,how far apart,Living Word Vocabulary (4th grade list),,,,,,,gap,,,,,,range,,,,,,NA,,,,,,,,,,,,,,,,,
NA,Word417_NN_fortune,NA,NULL,NULL,NULL,417,fortune,Tier2_easy,NN,luck,Living Word Vocabulary (4th grade list),,,,,,,luck,,,,,,,,,,,,,,,,,,,,,,,,,,,,,
NA,Word418_NN_wish,NA,NULL,NULL,NULL,418,wish,Tier2_easy,NN,the thing you want,Living Word Vocabulary (4th grade list),,,,,,,hope,,,,,,yearning,,,,,,hankering,,,,,,,,,,,,,,,,,
NA,Word419_VB_spend,NA,NULL,NULL,NULL,419,spend,Tier2_easy,VB,to pay out money,Living Word Vocabulary (4th grade list),,,,,,,use,,,,,,expend,,,,,,disburse,,,,,,,,,,,,,,,,,
NA,Word420_VB_receive,NA,NULL,NULL,NULL,420,receive,Tier2_easy,VB,to get,Living Word Vocabulary (4th grade list),,,,,,,get,,,,,,,,,,,,,,,,,,,,,,,,,,,,,
NA,Word421_VB_follow,NA,NULL,NULL,NULL,421,follow,Tier2_easy,VB,to obey,Living Word Vocabulary (4th grade list),,,,,,,obey,,,,,,,,,,,,,,,,,,,,,,,,,,,,,
NA,Word422_VB_complete,NA,NULL,NULL,NULL,422,complete,Tier2_easy,VB,to finish,Living Word Vocabulary (4th grade list),,,,,,,finish,,,,,,conclude,,,,,,NA,,,,,,,,,,,,,,,,,
NA,Word423_VB_receive,NA,NULL,NULL,NULL,423,receive,Tier2_easy,VB,to get,Living Word Vocabulary (4th grade list),,,,,,,get,,,,,,,,,,,,,,,,,,,,,,,,,,,,,
NA,Word424_VB_evaporate,NA,NULL,NULL,NULL,424,evaporate,Tier2_easy,VB,to disappear,Living Word Vocabulary (4th grade list),,,,,,,disappear,,,,,,NA,,,,,,NA,,,,,,,,,,,,,,,,,
NA,Word425_VB_stop,NA,NULL,NULL,NULL,425,stop,Tier2_easy,VB,to quit,Living Word Vocabulary (4th grade list),,,,,,,end,,,,,,quit,,,,,,cease,,,,,,,,,,,,,,,,,
NA,Word426_VB_exchange,NA,NULL,NULL,NULL,426,exchange,Tier2_easy,VB,trade for something else,Living Word Vocabulary (4th grade list),,,,,,,trade,,,,,,substitute,,,,,,NA,,,,,,,,,,,,,,,,,
NA,Word427_VB_think,NA,NULL,NULL,NULL,427,think,Tier2_easy,VB,to imagine,Living Word Vocabulary (4th grade list),,,,,,,study,,,,,,ponder,,,,,,ruminate,,,,,,,,,,,,,,,,,
NA,Word428_VB_travel,NA,NULL,NULL,NULL,428,travel,Tier2_easy,VB,go someplace,Living Word Vocabulary (4th grade list),,,,,,,tour,,,,,,migrate,,,,,,jaunt,,,,,,,,,,,,,,,,,
NA,Word429_NN_exam,NA,NULL,NULL,NULL,429,exam,Tier2_easy,NN,test,Living Word Vocabulary (4th grade list),,,,,,,test,,,,,,assessement,,,,,,NA,,,,,,,,,,,,,,,,,
NA,Word430_NN_pledge,NA,NULL,NULL,NULL,430,pledge,Tier2_easy,NN,promise,Living Word Vocabulary (4th grade list),,,,,,,promise,,,,,,,,,,,,,,,,,,,,,,,,,,,,,
NA,Word431_NN_savior,NA,NULL,NULL,NULL,431,savior,Tier2_easy,NN,hero,Living Word Vocabulary (4th grade list),,,,,,,hero,,,,,,,,,,,,,,,,,,,,,,,,,,,,,
NA,Word432_NN_mask,NA,NULL,NULL,NULL,432,mask,Tier2_easy,NN,disguise,Living Word Vocabulary (4th grade list),,,,,,,NA,,,,,,disguise,,,,,,,,,,,,,,,,,,,,,,,
NA,Word433_NN_skill,NA,NULL,NULL,NULL,433,skill,Tier2_easy,NN,ability,Living Word Vocabulary (4th grade list),,,,,,,ability,,,,,,talent,,,,,,aptitude,,,,,,,,,,,,,,,,,
NA,Word434_NN_scent,NA,NULL,NULL,NULL,434,scent,Tier2_easy,NN,smell,Living Word Vocabulary (4th grade list),,,,,,,smell,,,,,,,,,,,,,,,,,,,,,,,,,,,,,
NA,Word998_NN_education,NA,NULL,NULL,NULL,998,education,Tier2_easy,NN,teaching,Living Word Vocabulary (4th grade list),,,,,,,teaching,,,,,,instruction,,,,,,scholarship,,,,,,,,,,,,,,,,,
NA,Word999_NN_emotion,NA,NULL,NULL,NULL,999,emotion,Tier2_easy,NN,deep feeling,Living Word Vocabulary (4th grade list),,,,,,,feeling,,,,,,affect,,,,,,NA,,,,,,,,,,,,,,,,,NULL